DR_NO;Date Rptd;DATE OCC;TIME OCC;AREA;AREA NAME;Rpt Dist No;Part 1-2;Crm Cd;Crm Cd Desc;Mocodes;Vict Age;Vict Sex;Vict Descent;Premis Cd;Premis Desc;Weapon Used Cd;Weapon Desc;Status;Status Desc;Crm Cd 1;Crm Cd 2;Crm Cd 3;Crm Cd 4;LOCATION;Cross Street;LAT;LON
190326475;03/01/2020 00:00;03/01/2020 00:00;2130;7;Wilshire;784;1;510;VEHICLE - STOLEN;;0;M;O;101;STREET;;;AA;Adult Arrest;510;998;;;1900 S  LONGWOOD                     AV;;340.375;-1.183.506
200106753;02/09/2020 00:00;02/08/2020 00:00;1800;1;Central;182;1;330;BURGLARY FROM VEHICLE;1822 1402 0344;47;M;O;128;BUS STOP/LAYOVER (ALSO QUERY 124);;;IC;Invest Cont;330;998;;;1000 S  FLOWER                       ST;;340.444;-1.182.628
200320258;11/11/2020 00:00;11/04/2020 00:00;1700;3;Southwest;356;1;480;BIKE - STOLEN;0344 1251;19;X;X;502;MULTI-UNIT DWELLING (APARTMENT, DUPLEX, ETC);;;IC;Invest Cont;480;;;;1400 W  37TH                         ST;;34.021;-1.183.002
200907217;05/10/2023 00:00;03/10/2020 00:00;2037;9;Van Nuys;964;1;343;SHOPLIFTING-GRAND THEFT ($950.01 & OVER);0325 1501;19;M;O;405;CLOTHING STORE;;;IC;Invest Cont;343;;;;14000    RIVERSIDE                    DR;;341.576;-1.184.387
220614831;08/18/2022 12:00:00 AM;08/17/2020 12:00:00 AM;1200;6;Hollywood;666;2;354;THEFT OF IDENTITY;1822 1501 0930 2004;28;M;H;102;SIDEWALK;;;IC;Invest Cont;354;;;;1900    TRANSIENT;;340.944;-1.183.277
231808869;04/04/2023 00:00;12/01/2020 00:00;2300;18;Southeast;1826;2;354;THEFT OF IDENTITY;1822 0100 0930 0929;41;M;H;501;SINGLE FAMILY DWELLING;;;IC;Invest Cont;354;;;;9900    COMPTON                      AV;;339.467;-1.182.463
230110144;04/04/2023 00:00;07/03/2020 00:00;900;1;Central;182;2;354;THEFT OF IDENTITY;0930 0929;25;M;H;502;MULTI-UNIT DWELLING (APARTMENT, DUPLEX, ETC);;;IC;Invest Cont;354;;;;1100 S  GRAND                        AV;;340.415;-118.262
220314085;07/22/2022 12:00:00 AM;05/12/2020 00:00;1110;3;Southwest;303;2;354;THEFT OF IDENTITY;100;27;F;B;248;CELL PHONE STORE;;;IC;Invest Cont;354;;;;2500 S  SYCAMORE                     AV;;340.335;-1.183.537
231309864;04/28/2023 12:00:00 AM;12/09/2020 00:00;1400;13;Newton;1375;2;354;THEFT OF IDENTITY;100;24;F;B;750;CYBERSPACE;;;IC;Invest Cont;354;;;;1300 E  57TH                         ST;;339.911;-1.182.521
211904005;12/31/2020 12:00:00 AM;12/31/2020 12:00:00 AM;1220;19;Mission;1974;2;624;BATTERY - SIMPLE ASSAULT;416;26;M;H;502;MULTI-UNIT DWELLING (APARTMENT, DUPLEX, ETC);400;STRONG-ARM (HANDS, FIST, FEET OR BODILY FORCE);IC;Invest Cont;624;;;;9000    CEDROS                       AV;;342.336;-1.184.535
221804943;01/21/2022 12:00:00 AM;07/01/2020 00:00;1335;18;Southeast;1822;2;354;THEFT OF IDENTITY;1822 0930;26;M;B;501;SINGLE FAMILY DWELLING;;;IC;Invest Cont;354;;;;100 W  COLDEN                       AV;;339.492;-1.182.739
221908151;04/12/2022 00:00;10/01/2020 00:00;1;19;Mission;1988;1;821;SODOMY/SEXUAL CONTACT B/W PENIS OF ONE PERS TO ANUS OTH;0913 2024 1817 0360 1258 0507;8;F;H;501;SINGLE FAMILY DWELLING;400;STRONG-ARM (HANDS, FIST, FEET OR BODILY FORCE);IC;Invest Cont;812;821;;;13400    RANGOON                      ST;;342.285;-1.184.258
230204214;01/05/2023 00:00;02/01/2020 00:00;800;2;Rampart;201;2;812;CRM AGNST CHLD (13 OR UNDER) (14-15 & SUSP 10 YRS OLDER);1251 1258 0913 0400 0500 0522 1817;7;F;W;502;MULTI-UNIT DWELLING (APARTMENT, DUPLEX, ETC);400;STRONG-ARM (HANDS, FIST, FEET OR BODILY FORCE);IC;Invest Cont;812;860;;;900 N  MARIPOSA                     AV;;340.868;-1.182.991
221008844;05/06/2022 00:00;11/01/2020 00:00;130;10;West Valley;1029;1;510;VEHICLE - STOLEN;;0;;;101;STREET;;;IC;Invest Cont;510;;;;VALJEAN                      ST;VANOWEN                      AV;341.939;-1.184.859
230207571;03/16/2023 12:00:00 AM;01/01/2020 00:00;1500;2;Rampart;271;2;810;SEX,UNLAWFUL(INC MUTUAL CONSENT, PENETRATION W/ FRGN OBJ;2000 1251 1259 0522 0507 0913;13;F;H;502;MULTI-UNIT DWELLING (APARTMENT, DUPLEX, ETC);;;JA;Juv Arrest;810;;;;900 S  LAKE                         ST;;340.539;-1.182.799
230312288;06/01/2023 00:00;02/02/2020 00:00;315;3;Southwest;391;2;354;THEFT OF IDENTITY;0100 0928 0929 0935 1822;56;M;B;502;MULTI-UNIT DWELLING (APARTMENT, DUPLEX, ETC);;;IC;Invest Cont;354;;;;4200    SANTO TOMAS                  DR;;340.103;-1.183.456
231805781;02/03/2023 00:00;07/01/2020 00:00;805;18;Southeast;1802;2;354;THEFT OF IDENTITY;0928 1822;22;F;B;502;MULTI-UNIT DWELLING (APARTMENT, DUPLEX, ETC);;;IC;Invest Cont;354;;;;400 W  90TH                         ST;;339.551;-1.182.814
231322474;12/24/2023 12:00:00 AM;01/09/2020 00:00;1200;13;Newton;1354;2;354;THEFT OF IDENTITY;100;23;M;B;501;SINGLE FAMILY DWELLING;;;IC;Invest Cont;354;;;;4000    WALL                         ST;;340.112;-1.182.716
210705560;11/27/2020 12:00:00 AM;11/27/2020 12:00:00 AM;1800;7;Wilshire;776;1;230;ASSAULT WITH DEADLY WEAPON, AGGRAVATED ASSAULT;1309 0400;31;F;O;101;STREET;307;VEHICLE;AA;Adult Arrest;230;;;;4500    LOMITA                       ST;;340.452;-1.183.351
221016258;09/20/2022 12:00:00 AM;01/01/2020 00:00;1;10;West Valley;1067;2;956;LETTERS, LEWD  -  TELEPHONE CALLS, LEWD;2041 1906 1822;30;F;O;501;SINGLE FAMILY DWELLING;;;IC;Invest Cont;956;;;;5200    GENESTA                      AV;;34.166;-1.185.033
220705246;02/03/2022 00:00;02/11/2020 00:00;1200;7;Wilshire;747;1;341;THEFT-GRAND ($950.01 & OVER)EXCPT,GUNS,FOWL,LIVESTK,PROD;;57;F;B;501;SINGLE FAMILY DWELLING;;;IC;Invest Cont;341;;;;800 S  TREMAINE                     AV;;340.608;-1.183.359
230808643;04/25/2023 12:00:00 AM;01/01/2020 00:00;800;8;West LA;801;1;341;THEFT-GRAND ($950.01 & OVER)EXCPT,GUNS,FOWL,LIVESTK,PROD;0352 1822 0344;56;F;W;501;SINGLE FAMILY DWELLING;;;IC;Invest Cont;341;;;;16700    MONTE HERMOSO                DR;;340.677;-118.552
231907172;03/21/2023 12:00:00 AM;03/15/2020 12:00:00 AM;1200;19;Mission;1983;2;812;CRM AGNST CHLD (13 OR UNDER) (14-15 & SUSP 10 YRS OLDER);1259 0913 1817 1801 0503;12;F;H;502;MULTI-UNIT DWELLING (APARTMENT, DUPLEX, ETC);400;STRONG-ARM (HANDS, FIST, FEET OR BODILY FORCE);AO;Adult Other;812;860;;;8500    COLUMBUS                     AV;;342.246;-1.184.654
232011098;06/04/2023 00:00;07/01/2020 00:00;1200;20;Olympic;2088;2;812;CRM AGNST CHLD (13 OR UNDER) (14-15 & SUSP 10 YRS OLDER);1251 1258 0400 0522 0913 0551 2021;7;F;H;502;MULTI-UNIT DWELLING (APARTMENT, DUPLEX, ETC);400;STRONG-ARM (HANDS, FIST, FEET OR BODILY FORCE);IC;Invest Cont;812;860;;;1700 S  WESTMORELAND                 AV;;340.433;-1.182.892
200412582;09/09/2020 00:00;09/09/2020 00:00;630;4;Hollenbeck;413;1;510;VEHICLE - STOLEN;;0;;;101;STREET;;;IC;Invest Cont;510;;;;200 E  AVENUE 28;;34.082;-118.213
232112438;08/03/2023 00:00;07/01/2020 00:00;1200;21;Topanga;2157;2;354;THEFT OF IDENTITY;1822 0929 0930;46;M;B;751;WEBSITE;;;IC;Invest Cont;354;;;;21000    VANOWEN                      ST;;341.938;-1.185.906
221105176;02/02/2022 00:00;02/09/2020 00:00;1200;11;Northeast;1132;2;930;CRIMINAL THREATS - NO WEAPON DISPLAYED;1912 0913;30;F;W;501;SINGLE FAMILY DWELLING;500;UNKNOWN WEAPON/OTHER WEAPON;AO;Adult Other;930;;;;2800    WAVERLY                      DR;;341.084;-1.182.639
222106031;02/23/2022 12:00:00 AM;08/14/2020 12:00:00 AM;1300;21;Topanga;2113;2;668;EMBEZZLEMENT, GRAND THEFT ($950.01 & OVER);;0;;;203;OTHER BUSINESS;;;IC;Invest Cont;668;;;;7700    SAUSALITO                    AV;;342.105;-1.186.157
211209197;03/20/2021 12:00:00 AM;07/01/2020 00:00;1425;12;77th Street;1243;2;354;THEFT OF IDENTITY;928;51;M;B;501;SINGLE FAMILY DWELLING;;;IC;Invest Cont;354;;;;1600 W  67TH                         ST;;339.785;-1.183.068
220808837;04/28/2022 12:00:00 AM;03/30/2020 12:00:00 AM;1630;8;West LA;842;2;624;BATTERY - SIMPLE ASSAULT;2000 1813 0913 0416;24;F;O;501;SINGLE FAMILY DWELLING;400;STRONG-ARM (HANDS, FIST, FEET OR BODILY FORCE);IC;Invest Cont;624;;;;1200 S  WESTGATE                     AV;;340.474;-1.184.635
231207725;02/27/2023 12:00:00 AM;01/27/2020 12:00:00 AM;635;12;77th Street;1242;2;354;THEFT OF IDENTITY;0100 0917 1822;37;M;H;501;SINGLE FAMILY DWELLING;;;IC;Invest Cont;354;;;;6200    4TH                          AV;;339.837;-1.183.216
231205231;01/17/2023 12:00:00 AM;01/01/2020 00:00;1535;12;77th Street;1268;2;354;THEFT OF IDENTITY;0100 0928;27;M;H;501;SINGLE FAMILY DWELLING;;;IC;Invest Cont;354;;;;100 E  85TH                         ST;;33.961;-1.182.739
231108757;05/09/2023 00:00;05/08/2020 00:00;2023;11;Northeast;1101;1;330;BURGLARY FROM VEHICLE;0344 1302 1307;20;M;A;108;PARKING LOT;;;IC;Invest Cont;330;;;;2800 E  OBSERVATORY                  RD;;341.192;-1.183.004
221404806;01/19/2022 12:00:00 AM;01/18/2020 12:00:00 AM;1600;14;Pacific;1446;1;420;THEFT FROM MOTOR VEHICLE - PETTY ($950 & UNDER);;0;;;101;STREET;;;IC;Invest Cont;420;;;;WASHINGTON                   PL;INGLEWOOD;340.022;-1.184.255
220215983;09/06/2022 00:00;05/26/2020 12:00:00 AM;1200;2;Rampart;233;1;420;THEFT FROM MOTOR VEHICLE - PETTY ($950 & UNDER);;0;;;101;STREET;;;IC;Invest Cont;420;;;;200 S  CORONADO                     ST;;340.697;-1.182.779
211220472;09/27/2021 12:00:00 AM;11/26/2020 12:00:00 AM;2000;12;77th Street;1259;2;930;CRIMINAL THREATS - NO WEAPON DISPLAYED;0913 0400 0443 1814 2000;29;F;H;502;MULTI-UNIT DWELLING (APARTMENT, DUPLEX, ETC);511;VERBAL THREAT;AO;Adult Other;930;;;;7800 S  SAN PEDRO                    ST;;339.679;-1.182.695
211818877;10/22/2021 12:00:00 AM;03/10/2020 00:00;1500;18;Southeast;1801;2;354;THEFT OF IDENTITY;0100 1822 0930 0922;26;M;B;501;SINGLE FAMILY DWELLING;;;IC;Invest Cont;354;;;;8700    ORCHARD                      AV;;339.587;-1.182.882
221515929;10/10/2022 00:00;04/01/2020 00:00;1200;15;N Hollywood;1539;2;354;THEFT OF IDENTITY;377;33;M;W;501;SINGLE FAMILY DWELLING;;;IC;Invest Cont;354;;;;5700    CARTWRIGHT                   AV;;34.174;-1.183.638
230406865;03/28/2023 12:00:00 AM;06/28/2020 12:00:00 AM;1250;4;Hollenbeck;478;2;354;THEFT OF IDENTITY;100;34;F;B;504;OTHER RESIDENCE;;;IC;Invest Cont;354;;;;3400    PERCY                        ST;;340.286;-1.181.996
231915767;10/25/2023 12:00:00 AM;09/02/2020 00:00;1;19;Mission;1985;2;354;THEFT OF IDENTITY;917;15;F;H;501;SINGLE FAMILY DWELLING;;;IC;Invest Cont;354;;;;8700    TOBIAS                       AV;;34.228;-1.184.517
221016530;11/15/2022 12:00:00 AM;10/23/2020 12:00:00 AM;1735;10;West Valley;1045;2;354;THEFT OF IDENTITY;1822 0935 1202;65;M;W;501;SINGLE FAMILY DWELLING;;;IC;Invest Cont;354;;;;17900    EMELITA                      ST;;341.776;-118.523
231210407;04/18/2023 12:00:00 AM;01/01/2020 00:00;1;12;77th Street;1259;2;354;THEFT OF IDENTITY;0930 0929 0928 1822;59;F;W;501;SINGLE FAMILY DWELLING;;;IC;Invest Cont;354;;;;700 E  73RD                         ST;;339.739;-118.263
220208037;03/30/2022 12:00:00 AM;01/01/2020 00:00;800;2;Rampart;249;2;813;CHILD ANNOYING (17YRS & UNDER);1822 0359 1251 1259;15;F;H;502;MULTI-UNIT DWELLING (APARTMENT, DUPLEX, ETC);;;IC;Invest Cont;813;;;;1100 W  6TH                          ST;;340.541;-1.182.621
221504294;01/06/2022 00:00;10/30/2020 12:00:00 AM;1;15;N Hollywood;1535;2;812;CRM AGNST CHLD (13 OR UNDER) (14-15 & SUSP 10 YRS OLDER);0522 0500 1258;9;M;W;501;SINGLE FAMILY DWELLING;500;UNKNOWN WEAPON/OTHER WEAPON;AA;Adult Arrest;812;;;;5700    COLFAX                       AV;;34.174;-1.183.878
221312369;06/03/2022 00:00;12/10/2020 00:00;700;13;Newton;1333;2;354;THEFT OF IDENTITY;100;33;M;H;750;CYBERSPACE;;;IC;Invest Cont;354;;;;2700 S  CENTRAL                      AV;;340.174;-1.182.621
220911866;07/26/2022 12:00:00 AM;02/01/2020 00:00;505;9;Van Nuys;971;2;354;THEFT OF IDENTITY;0922 0929 0923 0930;34;F;W;605;AUTOMATED TELLER MACHINE (ATM);;;IC;Invest Cont;354;;;;15200    LA MAIDA                     ST;;341.585;-118.464
231906599;03/03/2023 00:00;01/14/2020 12:00:00 AM;1335;19;Mission;1902;2;354;THEFT OF IDENTITY;928;35;M;O;501;SINGLE FAMILY DWELLING;;;IC;Invest Cont;354;;;;14500    WILLOWGREEN                  LN;;343.194;-1.184.518
220321807;12/13/2022 12:00:00 AM;05/17/2020 12:00:00 AM;1620;3;Southwest;317;2;354;THEFT OF IDENTITY;0929 1822 0100 0930 0922;50;M;B;501;SINGLE FAMILY DWELLING;;;IC;Invest Cont;354;;;;1400 W  25TH                         ST;;340.337;-1.182.915
221216052;07/07/2022 00:00;02/23/2020 12:00:00 AM;1000;12;77th Street;1256;2;354;THEFT OF IDENTITY;100;28;F;B;502;MULTI-UNIT DWELLING (APARTMENT, DUPLEX, ETC);;;IC;Invest Cont;354;;;;500 W  75TH                         ST;;339.717;-1.182.827
220508440;04/27/2022 12:00:00 AM;07/07/2020 00:00;1200;5;Harbor;585;1;341;THEFT-GRAND ($950.01 & OVER)EXCPT,GUNS,FOWL,LIVESTK,PROD;0344 1202 1606;64;M;H;501;SINGLE FAMILY DWELLING;;;IC;Invest Cont;341;;;;2300 S  MEYLER                       ST;;337.234;-1.182.968
220213256;07/14/2022 12:00:00 AM;07/14/2020 12:00:00 AM;900;2;Rampart;257;2;354;THEFT OF IDENTITY;0100 0928 1202;79;M;B;502;MULTI-UNIT DWELLING (APARTMENT, DUPLEX, ETC);;;IC;Invest Cont;354;;;;1200 W  7TH                          ST;;340.552;-1.182.675
221607555;04/22/2022 12:00:00 AM;08/01/2020 00:00;1200;16;Foothill;1612;2;354;THEFT OF IDENTITY;928;40;F;H;501;SINGLE FAMILY DWELLING;;;IC;Invest Cont;354;;;;11100    HERRICK                      AV;;342.713;-118.415
221516944;11/03/2022 00:00;06/01/2020 00:00;1200;15;N Hollywood;1517;2;354;THEFT OF IDENTITY;1817;59;M;O;203;OTHER BUSINESS;;;IC;Invest Cont;354;;;;6700    BAKMAN                       AV;;341.925;-1.183.779
230617817;11/14/2023 12:00:00 AM;11/13/2020 12:00:00 AM;2015;6;Hollywood;622;1;420;THEFT FROM MOTOR VEHICLE - PETTY ($950 & UNDER);;0;;;108;PARKING LOT;;;IC;Invest Cont;420;;;;7200    FRANKLIN                     AV;;341.146;-1.183.607
231115685;11/12/2023 00:00;11/12/2020 00:00;1430;11;Northeast;1123;1;440;THEFT PLAIN - PETTY ($950 & UNDER);344;27;M;W;108;PARKING LOT;;;IC;Invest Cont;440;;;;3300    GLENDALE                     BL;;341.142;-1.182.652
231707687;04/04/2023 00:00;05/08/2020 00:00;1845;17;Devonshire;1745;2;354;THEFT OF IDENTITY;0917 0929;44;M;O;501;SINGLE FAMILY DWELLING;;;IC;Invest Cont;354;;;;17100    CHATSWORTH                   ST;;342.648;-1.185.055
230711357;06/26/2023 12:00:00 AM;01/01/2020 00:00;1;7;Wilshire;774;2;354;THEFT OF IDENTITY;1501;32;F;H;502;MULTI-UNIT DWELLING (APARTMENT, DUPLEX, ETC);;;IC;Invest Cont;354;;;;4900 W  WASHINGTON                   BL;;340.431;-1.183.482
220409258;05/29/2022 12:00:00 AM;03/29/2020 12:00:00 AM;1315;4;Hollenbeck;467;2;354;THEFT OF IDENTITY;100;16;M;H;504;OTHER RESIDENCE;;;IC;Invest Cont;354;;;;2600 E  4TH                          ST;;340.395;-1.182.093
220119956;09/06/2022 00:00;07/01/2020 00:00;1130;1;Central;162;2;354;THEFT OF IDENTITY;0928 1822;22;F;B;750;CYBERSPACE;;;IC;Invest Cont;354;;;;800 S  HOPE                         ST;;340.466;-118.259
240604173;01/05/2024 00:00;07/09/2020 00:00;1230;6;Hollywood;637;2;354;THEFT OF IDENTITY;928;21;M;W;502;MULTI-UNIT DWELLING (APARTMENT, DUPLEX, ETC);;;IC;Invest Cont;354;;;;6200    HOLLYWOOD                    BL;;34.103;-1.183.225
220104934;01/17/2022 12:00:00 AM;12/20/2020 12:00:00 AM;1730;1;Central;158;1;341;THEFT-GRAND ($950.01 & OVER)EXCPT,GUNS,FOWL,LIVESTK,PROD;1822 1414 0947 0344;0;X;X;102;SIDEWALK;;;IC;Invest Cont;341;;;;6TH                          ST;GLADYS                       AV;340.403;-1.182.421
230817493;11/27/2023 12:00:00 AM;09/13/2020 12:00:00 AM;2100;8;West LA;829;2;626;INTIMATE PARTNER - SIMPLE ASSAULT;1814 0913 0400;42;F;H;501;SINGLE FAMILY DWELLING;400;STRONG-ARM (HANDS, FIST, FEET OR BODILY FORCE);IC;Invest Cont;626;;;;1700    COMSTOCK                     AV;;340.596;-1.184.233
221718084;12/20/2022 12:00:00 AM;12/02/2020 00:00;1510;17;Devonshire;1764;1;440;THEFT PLAIN - PETTY ($950 & UNDER);344;15;F;H;404;DEPARTMENT STORE;;;IC;Invest Cont;440;;;;9300    TAMPA                        AV;;34.244;-1.185.583
221110929;06/28/2022 12:00:00 AM;06/27/2020 12:00:00 AM;1945;11;Northeast;1113;1;330;BURGLARY FROM VEHICLE;344;34;F;W;108;PARKING LOT;;;IC;Invest Cont;330;;;;2800    COLORADO                     BL;;341.428;-1.182.261
231711735;06/07/2023 00:00;09/02/2020 00:00;800;17;Devonshire;1775;2;354;THEFT OF IDENTITY;0929 1822;46;F;H;501;SINGLE FAMILY DWELLING;;;IC;Invest Cont;354;;;;17400    NORDHOFF                     ST;;342.394;-1.185.112
231912127;07/26/2023 12:00:00 AM;01/26/2020 12:00:00 AM;1735;19;Mission;1913;2;354;THEFT OF IDENTITY;923;46;F;H;501;SINGLE FAMILY DWELLING;;;IC;Invest Cont;354;;;;14600    NURMI                        ST;;34.307;-1.184.521
231818830;11/01/2023 00:00;01/01/2020 00:00;1;18;Southeast;1841;2;762;LEWD CONDUCT;0913 0602 0360 0545 0536 0531 1258;6;M;B;501;SINGLE FAMILY DWELLING;;;IC;Invest Cont;762;;;;500 W  108TH                        ST;;339.383;-1.182.826
221710268;06/21/2022 12:00:00 AM;05/20/2020 12:00:00 AM;600;17;Devonshire;1767;1;441;THEFT PLAIN - ATTEMPT;0352 0344 1202 2004 2021 0913 1817;72;F;H;501;SINGLE FAMILY DWELLING;;;IC;Invest Cont;441;;;;18600    PRAIRIE                      ST;;342.442;-1.185.362
231007464;03/30/2023 12:00:00 AM;06/25/2020 12:00:00 AM;1225;10;West Valley;1015;2;354;THEFT OF IDENTITY;1822 0929;28;F;H;501;SINGLE FAMILY DWELLING;;;IC;Invest Cont;354;;;;7400    JAMIESON                     AV;;342.048;-1.185.219
221917823;12/12/2022 00:00;04/05/2020 00:00;1550;19;Mission;1921;2;354;THEFT OF IDENTITY;;23;M;B;501;SINGLE FAMILY DWELLING;;;IC;Invest Cont;354;;;;15400    EL CAJON                     ST;;343.054;-1.184.681
211404152;01/04/2021 00:00;12/28/2020 12:00:00 AM;1600;14;Pacific;1463;1;310;BURGLARY;0397 0344;44;F;H;221;PUBLIC STORAGE;;;IC;Invest Cont;310;;;;12600 W  JEFFERSON                    BL;;339.788;-1.184.151
231205374;01/25/2023 12:00:00 AM;10/12/2020 00:00;1200;12;77th Street;1263;2;354;THEFT OF IDENTITY;0100 0930 1822;35;M;B;501;SINGLE FAMILY DWELLING;;;IC;Invest Cont;354;;;;8300 S  HARVARD                      BL;;339.636;-1.183.068
231505589;02/08/2023 00:00;09/01/2020 00:00;1200;15;N Hollywood;1557;2;812;CRM AGNST CHLD (13 OR UNDER) (14-15 & SUSP 10 YRS OLDER);0400 0416;10;F;W;502;MULTI-UNIT DWELLING (APARTMENT, DUPLEX, ETC);400;STRONG-ARM (HANDS, FIST, FEET OR BODILY FORCE);IC;Invest Cont;812;860;;;10800    HORTENSE                     ST;;341.548;-1.183.662
231420506;11/06/2023 00:00;04/02/2020 00:00;1825;14;Pacific;1445;2;354;THEFT OF IDENTITY;928;60;F;B;502;MULTI-UNIT DWELLING (APARTMENT, DUPLEX, ETC);;;IC;Invest Cont;354;;;;12700    PACIFIC                      AV;;339.993;-1.184.397
221508505;04/20/2022 12:00:00 AM;12/31/2020 12:00:00 AM;1200;15;N Hollywood;1525;1;420;THEFT FROM MOTOR VEHICLE - PETTY ($950 & UNDER);;0;;;101;STREET;;;IC;Invest Cont;420;;;;5900    CARPENTER                    AV;;341.776;-1.183.889
231817823;10/13/2023 12:00:00 AM;08/23/2020 12:00:00 AM;1;18;Southeast;1846;2;354;THEFT OF IDENTITY;1822 0100 0344;32;F;H;501;SINGLE FAMILY DWELLING;;;IC;Invest Cont;354;;;;1500 E  112TH                        ST;;339.332;-1.182.485
231212586;05/24/2023 12:00:00 AM;06/03/2020 00:00;2150;12;77th Street;1241;2;354;THEFT OF IDENTITY;1822 0930 0929;36;F;B;502;MULTI-UNIT DWELLING (APARTMENT, DUPLEX, ETC);;;IC;Invest Cont;354;;;;6400    8TH                          AV;;339.821;-1.183.318
220309099;04/14/2022 12:00:00 AM;06/23/2020 12:00:00 AM;1530;3;Southwest;311;2;354;THEFT OF IDENTITY;0100 0925 0930 1202 1822;72;F;B;502;MULTI-UNIT DWELLING (APARTMENT, DUPLEX, ETC);;;IC;Invest Cont;354;;;;2600    CARMONA                      AV;;340.325;-1.183.639
201810154;04/26/2020 12:00:00 AM;04/22/2020 12:00:00 AM;1900;18;Southeast;1802;1;510;VEHICLE - STOLEN;;0;;;101;STREET;;;IC;Invest Cont;510;;;;90TH;WALL;339.547;-1.182.717
221412410;06/15/2022 12:00:00 AM;11/12/2020 00:00;1700;14;Pacific;1444;1;420;THEFT FROM MOTOR VEHICLE - PETTY ($950 & UNDER);;0;;;101;STREET;;;IC;Invest Cont;420;;;;13600    MARINA POINT                 DR;;339.876;-1.184.489
211505284;02/02/2021 00:00;12/27/2020 12:00:00 AM;2000;15;N Hollywood;1585;1;330;BURGLARY FROM VEHICLE;1300 0344;18;F;H;707;GARAGE/CARPORT;;;IC;Invest Cont;330;;;;10900    BLUFFSIDE                    DR;;341.412;-1.183.681
220209598;04/25/2022 12:00:00 AM;12/29/2020 12:00:00 AM;800;2;Rampart;238;2;956;LETTERS, LEWD  -  TELEPHONE CALLS, LEWD;0913 1817 1906;27;F;B;501;SINGLE FAMILY DWELLING;;;AO;Adult Other;956;;;;1300    ANGELINA                     ST;;340.648;-1.182.559
220316688;09/12/2022 00:00;09/11/2020 00:00;2100;3;Southwest;357;1;331;THEFT FROM MOTOR VEHICLE - GRAND ($950.01 AND OVER);0344 0385 1251 1300 1606 1822 0329 1309;27;F;O;101;STREET;;;IC;Invest Cont;331;;;;1300 W  37TH                         DR;;340.191;-1.182.977
231814007;07/27/2023 12:00:00 AM;10/27/2020 12:00:00 AM;915;18;Southeast;1849;2;354;THEFT OF IDENTITY;0928 1822;29;F;B;502;MULTI-UNIT DWELLING (APARTMENT, DUPLEX, ETC);;;IC;Invest Cont;354;;;;2200 E  111TH                        ST;;339.345;-1.182.329
222004619;12/21/2020 12:00:00 AM;12/20/2020 12:00:00 AM;1529;20;Olympic;2069;1;341;THEFT-GRAND ($950.01 & OVER)EXCPT,GUNS,FOWL,LIVESTK,PROD;0344 1202 1822 2032;63;M;K;702;OFFICE BUILDING/OFFICE;;;IC;Invest Cont;341;;;;2500 W  OLYMPIC                      BL;;340.524;-1.182.842
221209581;04/07/2022 00:00;01/01/2020 00:00;800;12;77th Street;1215;2;812;CRM AGNST CHLD (13 OR UNDER) (14-15 & SUSP 10 YRS OLDER);1258 0913 0602 0522 0556 0400;9;F;H;501;SINGLE FAMILY DWELLING;400;STRONG-ARM (HANDS, FIST, FEET OR BODILY FORCE);AO;Adult Other;812;860;;;5500 S  VERMONT                      AV;;339.921;-118.298
220917870;12/31/2022 12:00:00 AM;03/16/2020 12:00:00 AM;1025;9;Van Nuys;929;2;354;THEFT OF IDENTITY;0100 0928 0344 1822;41;F;O;501;SINGLE FAMILY DWELLING;;;IC;Invest Cont;354;;;;6500    WOODMAN                      AV;;341.887;-1.184.313
221017007;11/28/2022 12:00:00 AM;04/23/2020 12:00:00 AM;1;10;West Valley;1041;2;354;THEFT OF IDENTITY;1822;44;F;W;501;SINGLE FAMILY DWELLING;;;IC;Invest Cont;354;;;;6000    DONNA                        AV;;341.787;-1.185.475
232112058;07/25/2023 12:00:00 AM;04/26/2020 12:00:00 AM;2110;21;Topanga;2198;2;956;LETTERS, LEWD  -  TELEPHONE CALLS, LEWD;1906;17;F;W;501;SINGLE FAMILY DWELLING;;;IC;Invest Cont;956;;;;4500    CEZANNE                      AV;;341.484;-1.186.033
220313293;07/06/2022 00:00;06/30/2020 12:00:00 AM;1400;3;Southwest;396;2;626;INTIMATE PARTNER - SIMPLE ASSAULT;0913 2000 1814 0416 0446;25;F;B;501;SINGLE FAMILY DWELLING;400;STRONG-ARM (HANDS, FIST, FEET OR BODILY FORCE);IC;Invest Cont;626;;;;VERMONT                      AV;43RD                         ST;340.055;-1.182.915
220320985;07/07/2023 00:00;01/01/2020 00:00;1200;3;Southwest;311;2;813;CHILD ANNOYING (17YRS & UNDER);;5;F;H;501;SINGLE FAMILY DWELLING;;;AA;Adult Arrest;813;;;;5500    GEER                         ST;;340.301;-1.183.636
221909318;05/09/2022 00:00;05/08/2020 00:00;1120;19;Mission;1954;1;330;BURGLARY FROM VEHICLE;1612 0385;36;M;H;101;STREET;;;IC;Invest Cont;330;;;;9900    LEMONA                       AV;;342.573;-118.463
231510293;05/27/2023 12:00:00 AM;11/24/2020 12:00:00 AM;200;15;N Hollywood;1504;1;510;VEHICLE - STOLEN;;0;;;101;STREET;;;IC;Invest Cont;510;;;;7500    LAUREL CANYON                BL;;342.071;-1.183.965
230714162;09/02/2023 00:00;08/03/2020 00:00;1908;7;Wilshire;783;2;354;THEFT OF IDENTITY;1822 0922 0100;18;M;B;501;SINGLE FAMILY DWELLING;;;IC;Invest Cont;354;;;;5100 W  21ST                         ST;;340.394;-1.183.541
221110658;06/21/2022 12:00:00 AM;02/28/2020 12:00:00 AM;1625;11;Northeast;1144;2;354;THEFT OF IDENTITY;0100 0928;39;M;C;750;CYBERSPACE;;;IC;Invest Cont;354;;;;3600    TRACY                        ST;;341.037;-1.182.722
220207597;03/21/2022 12:00:00 AM;10/01/2020 00:00;2200;2;Rampart;291;1;210;ROBBERY;1822 0416;62;M;H;101;STREET;500;UNKNOWN WEAPON/OTHER WEAPON;IC;Invest Cont;210;;;;1300 S  ALVARADO                     ST;;340.473;-1.182.827
221713038;08/31/2022 12:00:00 AM;03/10/2020 00:00;1800;17;Devonshire;1767;2;662;BUNCO, GRAND THEFT;701;32;M;O;101;STREET;;;IC;Invest Cont;662;;;;18400    PLUMMER                      ST;;342.428;-1.185.338
221105273;02/04/2022 00:00;02/02/2020 00:00;1200;11;Northeast;1179;1;420;THEFT FROM MOTOR VEHICLE - PETTY ($950 & UNDER);;0;;;101;STREET;;;IC;Invest Cont;420;;;;100 W  AVENUE 44;;340.951;-118.208
230710696;06/11/2023 00:00;12/17/2020 12:00:00 AM;1;7;Wilshire;722;2;354;THEFT OF IDENTITY;0923 0930 1822 0928;26;F;H;502;MULTI-UNIT DWELLING (APARTMENT, DUPLEX, ETC);;;IC;Invest Cont;354;;;;100 S  FLORES                       ST;;340.744;-1.183.711
231510050;05/22/2023 12:00:00 AM;05/08/2020 00:00;1200;15;N Hollywood;1548;2;626;INTIMATE PARTNER - SIMPLE ASSAULT;2000 0448;29;F;H;501;SINGLE FAMILY DWELLING;400;STRONG-ARM (HANDS, FIST, FEET OR BODILY FORCE);AO;Adult Other;626;;;;5300    CLEON                        AV;;34.167;-1.183.686
230911729;06/10/2023 00:00;04/01/2020 00:00;5;9;Van Nuys;911;2;354;THEFT OF IDENTITY;1822 0100 0923;56;F;H;501;SINGLE FAMILY DWELLING;;;IC;Invest Cont;354;;;;6600    PEACH                        AV;;341.903;-1.184.676
221209383;03/30/2022 12:00:00 AM;02/25/2020 12:00:00 AM;1930;12;77th Street;1207;2;354;THEFT OF IDENTITY;;24;M;H;502;MULTI-UNIT DWELLING (APARTMENT, DUPLEX, ETC);;;IC;Invest Cont;354;;;;4600    WESLEY                       AV;;340.016;-1.182.878
220211619;05/07/2022 00:00;12/16/2020 12:00:00 AM;457;2;Rampart;231;1;330;BURGLARY FROM VEHICLE;0344 0329;32;M;H;101;STREET;;;IC;Invest Cont;330;;;;200 S  VENDOME                      ST;;340.689;-1.182.841
231105297;02/03/2023 00:00;07/27/2020 12:00:00 AM;1000;11;Northeast;1152;2;354;THEFT OF IDENTITY;1822 1501 0100;25;M;W;502;MULTI-UNIT DWELLING (APARTMENT, DUPLEX, ETC);;;IC;Invest Cont;354;;;;4200    CLAYTON                      AV;;34.1;-1.182.819
232011006;06/02/2023 00:00;06/01/2020 00:00;1200;20;Olympic;2071;2;662;BUNCO, GRAND THEFT;0701 0800 0344 1822;44;M;H;501;SINGLE FAMILY DWELLING;;;IC;Invest Cont;662;;;;1500 S  GRAMERCY                     PL;;340.453;-118.313
221308122;03/10/2022 00:00;03/10/2020 00:00;35;13;Newton;1324;2;354;THEFT OF IDENTITY;1822 0100;30;F;B;750;CYBERSPACE;;;IC;Invest Cont;354;;;;1400 E  20TH                         ST;;340.218;-118.249
201410122;04/28/2020 12:00:00 AM;04/28/2020 12:00:00 AM;100;14;Pacific;1406;1;510;VEHICLE - STOLEN;;0;;;101;STREET;;;IC;Invest Cont;510;;;;3600    KEYSTONE                     AV;;340.238;-1.184.095
231709319;05/07/2023 00:00;12/14/2020 12:00:00 AM;1545;17;Devonshire;1718;2;354;THEFT OF IDENTITY;0929 0930;42;M;H;501;SINGLE FAMILY DWELLING;;;IC;Invest Cont;354;;;;11100    DENSMORE                     AV;;342.728;-1.184.788
221917253;11/25/2022 12:00:00 AM;06/15/2020 12:00:00 AM;1200;19;Mission;1981;1;420;THEFT FROM MOTOR VEHICLE - PETTY ($950 & UNDER);;0;;;101;STREET;;;IC;Invest Cont;420;;;;8600    LANGDON                      AV;;342.265;-1.184.699
220204234;01/05/2022 00:00;12/20/2020 12:00:00 AM;815;2;Rampart;269;2;354;THEFT OF IDENTITY;0100 0930;58;F;W;502;MULTI-UNIT DWELLING (APARTMENT, DUPLEX, ETC);;;IC;Invest Cont;354;;;;700    WITMER                       ST;;340.524;-1.182.678
220604399;01/10/2022 00:00;09/19/2020 12:00:00 AM;1600;6;Hollywood;668;2;354;THEFT OF IDENTITY;1822;30;M;B;501;SINGLE FAMILY DWELLING;;;IC;Invest Cont;354;;;;WILTON;LEXINGTON;340.928;-1.183.136
231320297;11/08/2023 00:00;05/08/2020 00:00;1120;13;Newton;1383;2;354;THEFT OF IDENTITY;100;51;M;H;750;CYBERSPACE;;;IC;Invest Cont;354;;;;200 W  60TH                         ST;;339.851;-1.182.765
221511470;06/22/2022 12:00:00 AM;07/11/2020 00:00;1200;15;N Hollywood;1541;2;354;THEFT OF IDENTITY;0377 1822;63;M;W;209;EQUIPMENT RENTAL;;;IC;Invest Cont;354;;;;12600    OTSEGO                       ST;;341.631;-1.184.074
231309161;04/07/2023 00:00;01/01/2020 00:00;1;13;Newton;1383;2;354;THEFT OF IDENTITY;100;45;M;H;750;CYBERSPACE;;;IC;Invest Cont;354;;;;200 W  62ND                         ST;;339.833;-1.182.765
230513434;09/12/2023 00:00;09/01/2020 00:00;1;5;Harbor;526;2;662;BUNCO, GRAND THEFT;0344 0701 0800;54;F;H;502;MULTI-UNIT DWELLING (APARTMENT, DUPLEX, ETC);;;IC;Invest Cont;662;;;;600 N  FRIES                        AV;;33.777;-1.182.648
221516098;10/13/2022 12:00:00 AM;10/13/2020 12:00:00 AM;1200;15;N Hollywood;1557;2;860;BATTERY WITH SEXUAL CONTACT;0913 1810;29;M;W;502;MULTI-UNIT DWELLING (APARTMENT, DUPLEX, ETC);400;STRONG-ARM (HANDS, FIST, FEET OR BODILY FORCE);AO;Adult Other;860;;;;10900    BLIX                         ST;;341.567;-118.368
230118041;08/16/2023 12:00:00 AM;08/27/2020 12:00:00 AM;2100;1;Central;132;1;236;INTIMATE PARTNER - AGGRAVATED ASSAULT;2000 1814 0408 0329 0421 0400;59;F;A;502;MULTI-UNIT DWELLING (APARTMENT, DUPLEX, ETC);400;STRONG-ARM (HANDS, FIST, FEET OR BODILY FORCE);AO;Adult Other;236;;;;800 W  1ST                          ST;;34.057;-1.182.508
221205458;01/15/2022 12:00:00 AM;10/10/2020 00:00;820;12;77th Street;1267;1;820;ORAL COPULATION;1203 1251 1258 0913 0500 0507 0549 0360;14;F;H;501;SINGLE FAMILY DWELLING;400;STRONG-ARM (HANDS, FIST, FEET OR BODILY FORCE);IC;Invest Cont;812;820;;;800 W  83RD                         ST;;339.636;-1.182.871
231315967;08/21/2023 12:00:00 AM;01/01/2020 00:00;1530;13;Newton;1362;2;812;CRM AGNST CHLD (13 OR UNDER) (14-15 & SUSP 10 YRS OLDER);0914 1817 0913;12;F;H;501;SINGLE FAMILY DWELLING;511;VERBAL THREAT;IC;Invest Cont;812;813;;;4800 S  SAN PEDRO                    ST;;339.994;-1.182.696
220514938;10/16/2022 12:00:00 AM;07/01/2020 00:00;1800;5;Harbor;504;2;812;CRM AGNST CHLD (13 OR UNDER) (14-15 & SUSP 10 YRS OLDER);0522 0556 1259 0913 0448;12;F;H;502;MULTI-UNIT DWELLING (APARTMENT, DUPLEX, ETC);400;STRONG-ARM (HANDS, FIST, FEET OR BODILY FORCE);AO;Adult Other;812;860;;;1600 W  206TH                        ST;;338.438;-1.183.066
230606306;02/24/2023 12:00:00 AM;03/20/2020 12:00:00 AM;1800;6;Hollywood;622;2;661;UNAUTHORIZED COMPUTER ACCESS;1822 1914;30;F;W;501;SINGLE FAMILY DWELLING;;;IC;Invest Cont;661;;;;8100    WILLOW GLEN                  RD;;341.162;-1.183.738
221507710;03/30/2022 12:00:00 AM;01/30/2020 12:00:00 AM;1305;15;N Hollywood;1555;2;354;THEFT OF IDENTITY;377;71;F;W;203;OTHER BUSINESS;;;IC;Invest Cont;354;;;;11300    OTSEGO                       ST;;34.163;-1.183.774
221300973;09/09/2022 00:00;06/01/2020 00:00;1900;13;Newton;1352;2;810;SEX,UNLAWFUL(INC MUTUAL CONSENT, PENETRATION W/ FRGN OBJ;0527 0913 1259 1402 1309;14;F;H;101;STREET;400;STRONG-ARM (HANDS, FIST, FEET OR BODILY FORCE);IC;Invest Cont;810;998;;;4600 S  MAIN                         ST;;34.002;-118.274
222114709;09/26/2022 12:00:00 AM;06/19/2020 12:00:00 AM;600;21;Topanga;2113;2;354;THEFT OF IDENTITY;1822;42;F;B;501;SINGLE FAMILY DWELLING;;;IC;Invest Cont;354;;;;7900    SAUSALITO                    AV;;342.141;-1.186.157
221006046;02/24/2022 12:00:00 AM;11/19/2020 12:00:00 AM;1200;10;West Valley;1025;2;354;THEFT OF IDENTITY;1822 1908;69;F;O;502;MULTI-UNIT DWELLING (APARTMENT, DUPLEX, ETC);;;IC;Invest Cont;354;;;;17900    SHERMAN                      WY;;342.009;-1.185.229
221609983;06/30/2022 12:00:00 AM;08/01/2020 00:00;1200;16;Foothill;1668;2;930;CRIMINAL THREATS - NO WEAPON DISPLAYED;0421 2021;49;F;W;501;SINGLE FAMILY DWELLING;511;VERBAL THREAT;AO;Adult Other;930;;;;9700    PINEWOOD                     AV;;342.452;-1.182.855
221806358;02/21/2022 12:00:00 AM;02/21/2020 12:00:00 AM;2300;18;Southeast;1849;2;354;THEFT OF IDENTITY;930;26;F;O;501;SINGLE FAMILY DWELLING;;;IC;Invest Cont;354;;;;2000 E  115TH                        ST;;339.305;-1.182.363
221315910;10/29/2020 12:00:00 AM;08/02/2020 00:00;1415;13;Newton;1361;2;354;THEFT OF IDENTITY;0100 0928;63;M;H;751;WEBSITE;;;IC;Invest Cont;354;;;;4600 S  BROADWAY;;34.002;-1.182.783
230908117;04/13/2023 12:00:00 AM;07/31/2020 12:00:00 AM;1;9;Van Nuys;989;2;354;THEFT OF IDENTITY;1501;41;M;W;501;SINGLE FAMILY DWELLING;;;IC;Invest Cont;354;;;;4200    VENTURA CANYON               AV;;341.464;-1.184.294
231309176;04/14/2023 12:00:00 AM;10/19/2020 12:00:00 AM;1445;13;Newton;1393;2;354;THEFT OF IDENTITY;100;57;M;B;750;CYBERSPACE;;;IC;Invest Cont;354;;;;100 W  70TH                         ST;;339.765;-1.182.739
232014656;08/25/2023 12:00:00 AM;06/25/2020 12:00:00 AM;1445;20;Olympic;2026;2;354;THEFT OF IDENTITY;1822;24;F;O;501;SINGLE FAMILY DWELLING;;;IC;Invest Cont;354;;;;400 S  CATALINA                     ST;;340.672;-1.182.954
221905982;02/20/2022 12:00:00 AM;02/20/2020 12:00:00 AM;1500;19;Mission;1977;2;901;VIOLATION OF RESTRAINING ORDER;1259 2038;15;F;H;101;STREET;;;AA;Adult Arrest;901;;;;CANTERBURY;OSBORNE;342.373;-1.184.327
230109090;03/10/2023 00:00;04/10/2020 00:00;200;1;Central;163;2;354;THEFT OF IDENTITY;928;36;M;B;502;MULTI-UNIT DWELLING (APARTMENT, DUPLEX, ETC);;;IC;Invest Cont;354;;;;700 S  SPRING                       ST;;340.438;-1.182.547
221309225;04/07/2022 00:00;04/03/2020 00:00;144;13;Newton;1331;2;354;THEFT OF IDENTITY;0100 0930 1822;29;M;H;750;CYBERSPACE;;;IC;Invest Cont;354;;;;2700 S  GRAND                        AV;;340.254;-1.182.729
210904288;01/09/2021 00:00;12/27/2020 12:00:00 AM;1600;9;Van Nuys;964;1;442;SHOPLIFTING - PETTY THEFT ($950 & UNDER);0325 1420;22;F;W;405;CLOTHING STORE;;;IC;Invest Cont;442;;;;14000    RIVERSIDE                    DR;;341.576;-1.184.389
231905726;02/08/2023 00:00;01/01/2020 00:00;1;19;Mission;1995;2;812;CRM AGNST CHLD (13 OR UNDER) (14-15 & SUSP 10 YRS OLDER);0913 1817 0556 1258 0522;5;F;H;502;MULTI-UNIT DWELLING (APARTMENT, DUPLEX, ETC);400;STRONG-ARM (HANDS, FIST, FEET OR BODILY FORCE);IC;Invest Cont;812;860;;;14700    BLYTHE                       ST;;342.152;-1.184.531
221615196;12/16/2022 12:00:00 AM;12/01/2020 00:00;1;16;Foothill;1602;2;354;THEFT OF IDENTITY;1501;22;M;W;501;SINGLE FAMILY DWELLING;;;IC;Invest Cont;354;;;;12100    MERCER                       ST;;342.865;-1.183.976
220120619;09/16/2022 12:00:00 AM;09/15/2020 12:00:00 AM;1541;1;Central;185;2;740;VANDALISM - FELONY ($400 & OVER, ALL CHURCH VANDALISMS);1822 0329;26;M;H;101;STREET;;;IC;Invest Cont;740;;;;900 S  MAIN                         ST;;340.416;-118.255
220610269;05/13/2022 12:00:00 AM;10/08/2020 00:00;1925;6;Hollywood;656;2;354;THEFT OF IDENTITY;0928 1822 0344;38;M;W;501;SINGLE FAMILY DWELLING;;;IC;Invest Cont;354;;;;1000    WILCOX                       AV;;340.889;-118.331
230218442;10/02/2023 00:00;01/01/2020 00:00;900;2;Rampart;235;2;812;CRM AGNST CHLD (13 OR UNDER) (14-15 & SUSP 10 YRS OLDER);0522 0913 0602 0554 1259;13;F;H;502;MULTI-UNIT DWELLING (APARTMENT, DUPLEX, ETC);400;STRONG-ARM (HANDS, FIST, FEET OR BODILY FORCE);IC;Invest Cont;812;860;;;200 S  LAKE                         ST;;340.663;-1.182.719
221004804;01/23/2022 12:00:00 AM;11/23/2020 12:00:00 AM;1435;10;West Valley;1063;2;354;THEFT OF IDENTITY;1822;61;M;B;502;MULTI-UNIT DWELLING (APARTMENT, DUPLEX, ETC);;;IC;Invest Cont;354;;;;18600    VENTURA                      BL;;341.698;-1.185.386
232110833;06/23/2023 12:00:00 AM;06/01/2020 00:00;1200;21;Topanga;2146;2;354;THEFT OF IDENTITY;1822 0930;33;F;A;502;MULTI-UNIT DWELLING (APARTMENT, DUPLEX, ETC);;;IC;Invest Cont;354;;;;6800    ALABAMA                      AV;;341.937;-118.599
220208989;04/14/2022 12:00:00 AM;04/14/2020 12:00:00 AM;945;2;Rampart;256;2;354;THEFT OF IDENTITY;100;28;M;O;501;SINGLE FAMILY DWELLING;;;IC;Invest Cont;354;;;;600 S  UNION                        AV;;340.565;-1.182.724
231806653;06/12/2022 00:00;03/04/2020 00:00;800;18;Southeast;1832;2;946;OTHER MISCELLANEOUS CRIME;0913 0935;-2;X;X;726;POLICE FACILITY;;;IC;Invest Cont;946;;;;100 W  108TH                        ST;;339.401;-1.182.761
220706120;02/23/2022 12:00:00 AM;10/13/2020 12:00:00 AM;900;7;Wilshire;702;2;354;THEFT OF IDENTITY;929;27;F;B;501;SINGLE FAMILY DWELLING;;;IC;Invest Cont;354;;;;700 N  GENESEE                      AV;;340.838;-1.183.584
230208225;03/28/2023 12:00:00 AM;03/28/2020 12:00:00 AM;1450;2;Rampart;237;2;354;THEFT OF IDENTITY;1822 0100 0917;20;F;B;501;SINGLE FAMILY DWELLING;;;IC;Invest Cont;354;;;;200    WITMER                       ST;;34.061;-1.182.615
221806331;02/15/2022 12:00:00 AM;04/10/2020 00:00;815;18;Southeast;1802;1;440;THEFT PLAIN - PETTY ($950 & UNDER);1822 0344 0377 0910;28;M;H;801;MTA BUS;;;IC;Invest Cont;440;;;;200 W  MANCHESTER                   AV;;339.601;-1.182.768
210704053;12/31/2020 12:00:00 AM;12/31/2020 12:00:00 AM;400;7;Wilshire;722;1;310;BURGLARY;1822 0344 1607 1300;31;F;W;707;GARAGE/CARPORT;;;IC;Invest Cont;310;;;;100 N  CROFT                        AV;;340.745;-1.183.742
231221370;10/11/2023 00:00;03/20/2020 12:00:00 AM;1000;12;77th Street;1259;2;354;THEFT OF IDENTITY;100;37;F;B;501;SINGLE FAMILY DWELLING;;;IC;Invest Cont;354;;;;7500 S  SAN PEDRO                    ST;;339.722;-1.182.696
221016479;11/14/2022 12:00:00 AM;07/24/2020 12:00:00 AM;1500;10;West Valley;1017;1;761;BRANDISH WEAPON;1202 1822 0334;59;F;H;102;SIDEWALK;500;UNKNOWN WEAPON/OTHER WEAPON;IC;Invest Cont;761;;;;SHERMAN                      WY;ENCINO;342.012;-1.185.133
221011289;07/05/2022 00:00;03/01/2020 00:00;1200;10;West Valley;1001;2;626;INTIMATE PARTNER - SIMPLE ASSAULT;2000 1813 0416;43;M;H;101;STREET;400;STRONG-ARM (HANDS, FIST, FEET OR BODILY FORCE);AA;Adult Arrest;626;;;;SHIRLEY;ROSCOE                       BL;342.204;-1.185.579
231421770;12/13/2023 12:00:00 AM;03/13/2020 12:00:00 AM;1200;14;Pacific;1464;1;440;THEFT PLAIN - PETTY ($950 & UNDER);344;45;M;O;203;OTHER BUSINESS;;;IC;Invest Cont;440;;;;CAMPUS CENTER                DR;BLUFF CREEK                  DR;339.775;-1.184.065
221811572;05/24/2022 12:00:00 AM;08/02/2020 00:00;324;18;Southeast;1841;2;354;THEFT OF IDENTITY;0922 0928 0929 0930 1202 1822;63;M;B;502;MULTI-UNIT DWELLING (APARTMENT, DUPLEX, ETC);;;IC;Invest Cont;354;;;;10400 S  VERMONT                      AV;;339.423;-1.182.916
230404996;01/30/2023 12:00:00 AM;08/23/2020 12:00:00 AM;800;4;Hollenbeck;488;2;649;DOCUMENT FORGERY / STOLEN FELONY;0601 1202 0344 0360 0913;78;F;H;501;SINGLE FAMILY DWELLING;;;IC;Invest Cont;649;;;;3400    GARNET                       ST;;340.231;-1.182.039
232117501;12/09/2023 00:00;05/10/2020 00:00;1645;21;Topanga;2157;2;354;THEFT OF IDENTITY;0929 0928;25;M;O;502;MULTI-UNIT DWELLING (APARTMENT, DUPLEX, ETC);;;IC;Invest Cont;354;;;;6500    INDEPENDENCE                 AV;;341.889;-1.185.905
221220860;09/15/2022 12:00:00 AM;01/18/2020 12:00:00 AM;1;12;77th Street;1213;2;354;THEFT OF IDENTITY;0100 1202;67;M;H;502;MULTI-UNIT DWELLING (APARTMENT, DUPLEX, ETC);;;IC;Invest Cont;354;;;;5200 S  MANHATTAN                    PL;;339.951;-1.183.102
220504655;01/20/2022 12:00:00 AM;01/19/2020 12:00:00 AM;2200;5;Harbor;551;1;331;THEFT FROM MOTOR VEHICLE - GRAND ($950.01 AND OVER);0385 1300;0;X;X;729;SPECIALTY SCHOOL/OTHER;;;IC;Invest Cont;331;;;;300 S  WEYMOUTH                     AV;;337.421;-1.183.102
230813464;07/22/2023 12:00:00 AM;10/01/2020 00:00;1755;8;West LA;828;2;354;THEFT OF IDENTITY;1501;25;F;W;502;MULTI-UNIT DWELLING (APARTMENT, DUPLEX, ETC);;;IC;Invest Cont;354;;;;800    HILGARD                      AV;;340.664;-1.184.397
231905565;02/06/2023 00:00;01/01/2020 00:00;5;19;Mission;1964;2;626;INTIMATE PARTNER - SIMPLE ASSAULT;2000 1813 0913 0448;26;F;H;501;SINGLE FAMILY DWELLING;400;STRONG-ARM (HANDS, FIST, FEET OR BODILY FORCE);AA;Adult Arrest;626;;;;9400    KESTER                       AV;;342.412;-1.184.558
220910623;06/21/2022 12:00:00 AM;11/19/2020 12:00:00 AM;1;9;Van Nuys;939;2;354;THEFT OF IDENTITY;1822 0917;53;F;W;502;MULTI-UNIT DWELLING (APARTMENT, DUPLEX, ETC);;;IC;Invest Cont;354;;;;6300    MORSE                        AV;;341.864;-1.184.159
221226041;12/27/2022 12:00:00 AM;11/20/2020 12:00:00 AM;1010;12;77th Street;1267;1;440;THEFT PLAIN - PETTY ($950 & UNDER);344;57;F;B;501;SINGLE FAMILY DWELLING;;;IC;Invest Cont;440;;;;8300 S  HOOVER                       ST;;339.633;-1.182.871
231207476;02/27/2023 12:00:00 AM;08/15/2020 12:00:00 AM;1;12;77th Street;1273;1;310;BURGLARY;1202 0329 1300;72;M;B;501;SINGLE FAMILY DWELLING;;;IC;Invest Cont;310;;;;8800    HAAS                         AV;;33.958;-118.317
221708027;04/13/2022 12:00:00 AM;08/09/2020 00:00;905;17;Devonshire;1745;2;354;THEFT OF IDENTITY;1822 0100 0928;35;F;H;501;SINGLE FAMILY DWELLING;;;IC;Invest Cont;354;;;;17600    BLACKHAWK                    ST;;342.586;-1.185.169
220717687;12/12/2022 00:00;02/12/2020 00:00;840;7;Wilshire;714;2;354;THEFT OF IDENTITY;1822 0100;26;M;W;501;SINGLE FAMILY DWELLING;;;IC;Invest Cont;354;;;;400 N  FULLER                       AV;;340.783;-1.183.498
230507674;04/11/2023 00:00;07/30/2020 12:00:00 AM;835;5;Harbor;585;2;354;THEFT OF IDENTITY;0922 0929 0377;28;M;H;502;MULTI-UNIT DWELLING (APARTMENT, DUPLEX, ETC);;;IC;Invest Cont;354;;;;800 W  19TH                         ST;;33.727;-1.182.946
220909334;05/18/2022 12:00:00 AM;10/01/2020 00:00;1400;9;Van Nuys;971;2;354;THEFT OF IDENTITY;1822;47;M;W;501;SINGLE FAMILY DWELLING;;;IC;Invest Cont;354;;;;4700    BURNET                       AV;;341.559;-1.184.629
221015665;10/25/2022 12:00:00 AM;06/09/2020 00:00;1535;10;West Valley;1023;2;354;THEFT OF IDENTITY;1822 0928;25;F;H;502;MULTI-UNIT DWELLING (APARTMENT, DUPLEX, ETC);;;IC;Invest Cont;354;;;;19200    HAYNES                       ST;;341.896;-1.185.515
201308739;03/27/2020 12:00:00 AM;03/27/2020 12:00:00 AM;1210;13;Newton;1333;1;510;VEHICLE - STOLEN;;0;;;101;STREET;;;IC;Invest Cont;510;;;;3200 S  SAN PEDRO                    ST;;34.017;-1.182.643
221225047;12/09/2022 00:00;12/02/2020 00:00;1535;12;77th Street;1251;2;354;THEFT OF IDENTITY;0100 1822 0922;29;F;B;501;SINGLE FAMILY DWELLING;;;IC;Invest Cont;354;;;;6800    10TH                         AV;;339.773;-1.183.279
231810634;05/19/2023 12:00:00 AM;01/02/2020 00:00;800;18;Southeast;1824;2;354;THEFT OF IDENTITY;0930 0928 1822 0100;21;M;B;501;SINGLE FAMILY DWELLING;;;IC;Invest Cont;354;;;;9700 S  CENTRAL                      AV;;339.482;-1.182.541
221007765;04/10/2022 00:00;04/06/2020 00:00;1200;10;West Valley;1024;1;510;VEHICLE - STOLEN;;0;;;707;GARAGE/CARPORT;;;IC;Invest Cont;510;;;;6600    RESEDA                       BL;;341.958;-1.185.399
220311221;05/23/2022 12:00:00 AM;04/29/2020 12:00:00 AM;1;3;Southwest;395;2;845;SEX OFFENDER REGISTRANT OUT OF COMPLIANCE;1501 1309;19;X;X;726;POLICE FACILITY;;;IC;Invest Cont;845;;;;1500 W  MARTIN LUTHER KING JR        BL;;340.108;-1.183.135
220318793;10/19/2022 12:00:00 AM;10/19/2020 12:00:00 AM;1900;3;Southwest;311;2;812;CRM AGNST CHLD (13 OR UNDER) (14-15 & SUSP 10 YRS OLDER);0913 0558 0503 0510 1258 1251 0448;11;F;H;502;MULTI-UNIT DWELLING (APARTMENT, DUPLEX, ETC);400;STRONG-ARM (HANDS, FIST, FEET OR BODILY FORCE);AO;Adult Other;812;860;;;5500    GEER                         ST;;340.301;-1.183.636
221209976;04/14/2022 12:00:00 AM;09/27/2020 12:00:00 AM;1104;12;77th Street;1268;2;956;LETTERS, LEWD  -  TELEPHONE CALLS, LEWD;1906;23;F;H;501;SINGLE FAMILY DWELLING;;;IC;Invest Cont;956;;;;200 E  84TH                         PL;;339.619;-1.182.717
230605916;02/09/2023 00:00;02/09/2020 00:00;1415;6;Hollywood;636;2;354;THEFT OF IDENTITY;1822 0930 0928;35;M;O;502;MULTI-UNIT DWELLING (APARTMENT, DUPLEX, ETC);;;IC;Invest Cont;354;;;;1700 N  LAS PALMAS                   AV;;341.016;-1.183.361
241204387;01/05/2024 00:00;05/05/2020 00:00;1025;12;77th Street;1269;2;354;THEFT OF IDENTITY;0100 0917 0929 0930 0935 0928 1822;39;M;B;501;SINGLE FAMILY DWELLING;;;IC;Invest Cont;354;;;;900 E  82ND                         ST;;339.647;-1.182.586
231420590;11/20/2023 12:00:00 AM;11/20/2020 12:00:00 AM;1000;14;Pacific;1413;2;956;LETTERS, LEWD  -  TELEPHONE CALLS, LEWD;1906;37;M;W;501;SINGLE FAMILY DWELLING;;;IC;Invest Cont;956;;;;500    SAN JUAN                     AV;;339.921;-1.184.692
230113770;06/06/2023 00:00;03/20/2020 12:00:00 AM;800;1;Central;142;2;668;EMBEZZLEMENT, GRAND THEFT ($950.01 & OVER);0344 1803;60;M;O;702;OFFICE BUILDING/OFFICE;;;IC;Invest Cont;668;;;;300 S  HOPE                         ST;;340.537;-1.182.523
220712955;08/16/2022 12:00:00 AM;11/08/2020 00:00;1005;7;Wilshire;722;1;440;THEFT PLAIN - PETTY ($950 & UNDER);0344 0913;59;F;O;707;GARAGE/CARPORT;;;IC;Invest Cont;440;;;;100 S  FLORES                       ST;;340.744;-1.183.711
230710300;09/22/2022 12:00:00 AM;07/26/2020 12:00:00 AM;1200;7;Wilshire;701;2;662;BUNCO, GRAND THEFT;344;34;F;W;502;MULTI-UNIT DWELLING (APARTMENT, DUPLEX, ETC);;;IC;Invest Cont;662;;;;700 N  ALFRED                       ST;;340.836;-1.183.753
220717203;11/30/2022 12:00:00 AM;03/01/2020 00:00;945;7;Wilshire;725;2;354;THEFT OF IDENTITY;0100 1822;54;F;J;502;MULTI-UNIT DWELLING (APARTMENT, DUPLEX, ETC);;;IC;Invest Cont;354;;;;100 N  FULLER                       AV;;340.736;-1.183.498
220904776;01/22/2022 12:00:00 AM;12/28/2020 12:00:00 AM;1200;9;Van Nuys;974;1;310;BURGLARY;0397 0344;48;M;W;221;PUBLIC STORAGE;;;IC;Invest Cont;310;;;;4600    VAN NUYS                     BL;;341.548;-1.184.487
221006113;02/27/2022 12:00:00 AM;08/24/2020 12:00:00 AM;2000;10;West Valley;1029;1;330;BURGLARY FROM VEHICLE;1607 0344;46;M;H;101;STREET;;;IC;Invest Cont;330;;;;GLORIA;BASSETT;341.961;-1.184.793
231007048;03/21/2023 12:00:00 AM;07/30/2020 12:00:00 AM;1645;10;West Valley;1024;2;354;THEFT OF IDENTITY;1822 0917 0929;20;F;F;501;SINGLE FAMILY DWELLING;;;IC;Invest Cont;354;;;;6600    RESEDA                       BL;;341.958;-1.185.399
221711184;06/15/2022 12:00:00 AM;05/15/2020 12:00:00 AM;155;17;Devonshire;1795;2;354;THEFT OF IDENTITY;0929 0930 1822;27;M;B;605;AUTOMATED TELLER MACHINE (ATM);;;IC;Invest Cont;354;;;;8300    WHITE OAK                    AV;;34.221;-1.185.186
220407814;04/22/2022 12:00:00 AM;04/01/2020 00:00;5;4;Hollenbeck;459;1;121;RAPE, FORCIBLE;1258 0527;10;F;H;501;SINGLE FAMILY DWELLING;400;STRONG-ARM (HANDS, FIST, FEET OR BODILY FORCE);IC;Invest Cont;121;;;;3100    WINTER                       ST;;340.468;-1.181.964
231205329;01/20/2023 12:00:00 AM;06/20/2020 12:00:00 AM;1140;12;77th Street;1204;2;354;THEFT OF IDENTITY;0100 0931 0930;36;F;B;501;SINGLE FAMILY DWELLING;;;IC;Invest Cont;354;;;;1400 W  47TH                         ST;;34.001;-1.183.002
220619758;12/05/2022 00:00;06/15/2020 12:00:00 AM;1500;6;Hollywood;643;2;626;INTIMATE PARTNER - SIMPLE ASSAULT;0400 2000 1813 0416 0417 0446;10;F;H;502;MULTI-UNIT DWELLING (APARTMENT, DUPLEX, ETC);400;STRONG-ARM (HANDS, FIST, FEET OR BODILY FORCE);AO;Adult Other;626;;;;7200    FRANKLIN                     AV;;341.037;-1.183.459
211104796;01/24/2021 12:00:00 AM;01/23/2020 12:00:00 AM;800;11;Northeast;1172;2;745;VANDALISM - MISDEAMEANOR ($399 OR UNDER);329;0;X;X;203;OTHER BUSINESS;;;IC;Invest Cont;745;;;;1200    WESTERLY                     TR;;340.845;-1.182.726
241204463;01/07/2024 00:00;06/07/2020 00:00;1315;12;77th Street;1293;2;354;THEFT OF IDENTITY;0929 0930 0928 1822 0100;35;F;O;501;SINGLE FAMILY DWELLING;;;IC;Invest Cont;354;;;;10200    RUTHELEN                     ST;;33.944;-1.183.123
220911160;07/06/2022 00:00;03/01/2020 00:00;1000;9;Van Nuys;923;2;354;THEFT OF IDENTITY;1822 1202 0929;59;M;O;502;MULTI-UNIT DWELLING (APARTMENT, DUPLEX, ETC);;;IC;Invest Cont;354;;;;6400    VAN NUYS                     BL;;341.867;-1.184.487
212015258;10/05/2021 00:00;06/23/2020 12:00:00 AM;1229;20;Olympic;2034;2;354;THEFT OF IDENTITY;377;22;M;K;602;BANK;;;IC;Invest Cont;354;;;;700 S  KINGSLEY                     DR;;340.582;-1.183.031
222010418;05/29/2022 12:00:00 AM;05/27/2020 12:00:00 AM;1800;20;Olympic;2014;2;626;INTIMATE PARTNER - SIMPLE ASSAULT;1813 2000 0444 0400 0408 0448;33;F;H;502;MULTI-UNIT DWELLING (APARTMENT, DUPLEX, ETC);400;STRONG-ARM (HANDS, FIST, FEET OR BODILY FORCE);AO;Adult Other;626;;;;200 S  NORMANDIE                    AV;;340.726;-1.183.029
222013040;08/06/2022 00:00;06/04/2020 00:00;1620;20;Olympic;2054;2;354;THEFT OF IDENTITY;1822 0922;60;M;H;501;SINGLE FAMILY DWELLING;;;IC;Invest Cont;354;;;;3300    SAN MARINO                   ST;;340.545;-1.183.031
211206198;02/03/2021 00:00;12/20/2020 12:00:00 AM;1400;12;77th Street;1265;2;624;BATTERY - SIMPLE ASSAULT;0913 0416 0361;56;M;H;502;MULTI-UNIT DWELLING (APARTMENT, DUPLEX, ETC);400;STRONG-ARM (HANDS, FIST, FEET OR BODILY FORCE);IC;Invest Cont;624;;;;1300 W  MANCHESTER                   AV;;33.96;-1.182.986
220712765;08/11/2022 00:00;03/20/2020 12:00:00 AM;1015;7;Wilshire;773;2;354;THEFT OF IDENTITY;930;28;F;B;501;SINGLE FAMILY DWELLING;;;IC;Invest Cont;354;;;;1900 S  BURNSIDE                     AV;;340.419;-1.183.572
221308438;03/23/2022 12:00:00 AM;10/19/2020 12:00:00 AM;600;13;Newton;1364;2;354;THEFT OF IDENTITY;0935 1822 0930;50;M;H;101;STREET;;;IC;Invest Cont;354;;;;1200 E  46TH                         ST;;340.021;-1.182.541
221715152;10/20/2022 12:00:00 AM;08/05/2020 00:00;1950;17;Devonshire;1745;2;354;THEFT OF IDENTITY;1501 1822;41;M;H;502;MULTI-UNIT DWELLING (APARTMENT, DUPLEX, ETC);;;IC;Invest Cont;354;;;;10300    LINDLEY                      AV;;342.573;-1.185.273
201112065;07/31/2020 12:00:00 AM;07/30/2020 12:00:00 AM;2030;11;Northeast;1161;1;510;VEHICLE - STOLEN;;0;;;101;STREET;;;AA;Adult Arrest;510;;;;KENMORE                      ST;FOUNTAIN;340.953;-1.182.974
220404852;01/28/2022 12:00:00 AM;12/27/2020 12:00:00 AM;1200;4;Hollenbeck;439;2;946;OTHER MISCELLANEOUS CRIME;1501;0;M;H;501;SINGLE FAMILY DWELLING;511;VERBAL THREAT;IC;Invest Cont;946;;;;2200    LILLYVALE                    AV;;340.711;-1.181.643
221106692;03/14/2022 12:00:00 AM;01/01/2020 00:00;1510;11;Northeast;1124;2;354;THEFT OF IDENTITY;1822;26;M;H;725;GOVERNMENT FACILITY (FEDERAL,STATE, COUNTY & CITY);;;IC;Invest Cont;354;;;;3000 W  AVENUE 32;;34.115;-1.182.416
221908420;04/15/2022 12:00:00 AM;08/01/2020 00:00;5;19;Mission;1985;2;813;CHILD ANNOYING (17YRS & UNDER);;13;F;W;737;SKATING RINK*;;;IC;Invest Cont;813;;;;8700    VAN NUYS                     BL;;342.276;-118.45
221818077;09/28/2022 12:00:00 AM;01/01/2020 00:00;1;18;Southeast;1801;1;820;ORAL COPULATION;0512 1258 0522 0432 0510 0551 0549 2021;6;F;B;501;SINGLE FAMILY DWELLING;400;STRONG-ARM (HANDS, FIST, FEET OR BODILY FORCE);AO;Adult Other;812;820;;;500 W  92ND                         ST;;339.528;-1.182.827
221606564;03/21/2022 12:00:00 AM;07/17/2020 12:00:00 AM;800;16;Foothill;1698;2;649;DOCUMENT FORGERY / STOLEN FELONY;0924 1822;37;M;X;203;OTHER BUSINESS;;;IC;Invest Cont;649;;;;7900    SAN FERNANDO                 RD;;34.214;-1.183.616
221715311;10/16/2022 12:00:00 AM;07/11/2020 00:00;200;17;Devonshire;1712;2;624;BATTERY - SIMPLE ASSAULT;0416 0913 2000 1813;30;M;O;501;SINGLE FAMILY DWELLING;400;STRONG-ARM (HANDS, FIST, FEET OR BODILY FORCE);IC;Invest Cont;624;;;;11700    THUNDERBIRD                  AV;;342.854;-1.185.601
231304505;01/10/2023 00:00;12/10/2020 00:00;1340;13;Newton;1353;2;354;THEFT OF IDENTITY;928;28;M;B;501;SINGLE FAMILY DWELLING;;;IC;Invest Cont;354;;;;900 E  43RD                         PL;;340.048;-1.182.599
221220098;09/07/2022 00:00;01/07/2020 00:00;35;12;77th Street;1241;2;354;THEFT OF IDENTITY;;73;F;H;501;SINGLE FAMILY DWELLING;;;IC;Invest Cont;354;;;;3300 W  66TH                         ST;;339.797;-1.183.294
231906446;02/28/2023 12:00:00 AM;02/17/2020 12:00:00 AM;1200;19;Mission;1974;2;627;CHILD ABUSE (PHYSICAL) - SIMPLE ASSAULT;0416 1258 0553;5;F;H;501;SINGLE FAMILY DWELLING;301;BELT FLAILING INSTRUMENT/CHAIN;AA;Adult Arrest;627;;;;9000    WILLIS                       AV;;342.337;-1.184.553
231305562;02/01/2023 00:00;04/01/2020 00:00;2300;13;Newton;1303;1;210;ROBBERY;1309 1313 0342 0444 0302 0449 1218 1822;50;X;H;124;BUS STOP;102;HAND GUN;IC;Invest Cont;210;;;;12TH                         ST;SAN PEDRO                    ST;340.337;-1.182.533
230510455;06/28/2023 12:00:00 AM;06/01/2020 00:00;1;5;Harbor;565;2;354;THEFT OF IDENTITY;0377 0929;36;F;B;502;MULTI-UNIT DWELLING (APARTMENT, DUPLEX, ETC);;;IC;Invest Cont;354;;;;500 W  8TH                          ST;;33.737;-1.182.879
231309128;04/13/2023 12:00:00 AM;08/13/2020 12:00:00 AM;1200;13;Newton;1321;2;354;THEFT OF IDENTITY;100;23;M;O;750;CYBERSPACE;;;IC;Invest Cont;354;;;;300 W  ADAMS                        BL;;340.289;-1.182.686
231106607;03/08/2023 00:00;03/01/2020 00:00;1200;11;Northeast;1152;2;860;BATTERY WITH SEXUAL CONTACT;1258 2151 1815 0400 0448;10;F;W;720;JUNIOR HIGH SCHOOL;400;STRONG-ARM (HANDS, FIST, FEET OR BODILY FORCE);IC;Invest Cont;860;;;;4200    FOUNTAIN                     AV;;340.993;-1.182.837
220509276;05/18/2022 12:00:00 AM;10/26/2020 12:00:00 AM;1;5;Harbor;507;2;653;CREDIT CARDS, FRAUD USE ($950.01 & OVER);0930 1822;64;F;O;501;SINGLE FAMILY DWELLING;;;IC;Invest Cont;653;;;;1400 W  227TH                        ST;;338.201;-1.183.015
221404672;01/11/2022 00:00;05/01/2020 00:00;1200;14;Pacific;1405;2;354;THEFT OF IDENTITY;1900;54;F;A;116;OTHER/OUTSIDE;;;IC;Invest Cont;354;;;;3100    CHEVIOT VISTA                PL;;340.309;-1.184.147
231506571;03/03/2023 00:00;07/15/2020 12:00:00 AM;1700;15;N Hollywood;1532;2;946;OTHER MISCELLANEOUS CRIME;0432 1814 0443;21;F;W;502;MULTI-UNIT DWELLING (APARTMENT, DUPLEX, ETC);511;VERBAL THREAT;IC;Invest Cont;946;;;;12300    EMELITA                      ST;;341.763;-1.184.013
231210462;04/19/2023 12:00:00 AM;06/01/2020 00:00;800;12;77th Street;1259;1;821;SODOMY/SEXUAL CONTACT B/W PENIS OF ONE PERS TO ANUS OTH;0519 1822 0500 0522 0533 1913 1823 0400 1259 1251;14;F;H;501;SINGLE FAMILY DWELLING;400;STRONG-ARM (HANDS, FIST, FEET OR BODILY FORCE);AO;Adult Other;821;;;;800 E  75TH                         ST;;339.721;-1.182.608
240604147;01/05/2024 00:00;01/01/2020 00:00;1405;6;Hollywood;646;2;354;THEFT OF IDENTITY;0930 1822 0929 0922;32;F;B;502;MULTI-UNIT DWELLING (APARTMENT, DUPLEX, ETC);;;IC;Invest Cont;354;;;;1300    CHEROKEE                     AV;;340.944;-1.183.352
220507155;03/24/2022 12:00:00 AM;12/01/2020 00:00;1;5;Harbor;563;1;230;ASSAULT WITH DEADLY WEAPON, AGGRAVATED ASSAULT;0430 0552 0602 0913 1100;26;F;H;103;ALLEY;106;UNKNOWN FIREARM;IC;Invest Cont;230;;;;1000 W  18TH                         ST;;337.279;-118.299
230212736;06/20/2023 12:00:00 AM;06/19/2020 12:00:00 AM;800;2;Rampart;279;1;420;THEFT FROM MOTOR VEHICLE - PETTY ($950 & UNDER);;0;;;122;VEHICLE, PASSENGER/TRUCK;;;IC;Invest Cont;420;;;;900    GRATTAN                      ST;;340.499;-1.182.725
221315909;11/25/2020 12:00:00 AM;11/17/2020 12:00:00 AM;1005;13;Newton;1322;2;354;THEFT OF IDENTITY;935;34;F;H;605;AUTOMATED TELLER MACHINE (ATM);;;IC;Invest Cont;354;;;;500 E  22ND                         ST;;340.268;-1.182.619
230413909;10/30/2023 12:00:00 AM;10/30/2020 12:00:00 AM;830;4;Hollenbeck;497;2;354;THEFT OF IDENTITY;100;22;F;H;502;MULTI-UNIT DWELLING (APARTMENT, DUPLEX, ETC);;;IC;Invest Cont;354;;;;3200    GLENN                        AV;;340.209;-118.21
221304833;01/19/2022 12:00:00 AM;07/01/2020 00:00;1520;13;Newton;1325;2;354;THEFT OF IDENTITY;377;33;M;B;506;ABANDONED BUILDING ABANDONED HOUSE;;;IC;Invest Cont;354;;;;1100 E  28TH                         ST;;340.168;-1.182.558
231411022;05/22/2020 12:00:00 AM;05/22/2020 12:00:00 AM;1140;14;Pacific;1494;2;626;INTIMATE PARTNER - SIMPLE ASSAULT;2000;22;M;B;212;TRANSPORTATION FACILITY (AIRPORT);400;STRONG-ARM (HANDS, FIST, FEET OR BODILY FORCE);IC;Invest Cont;626;;;;700    WORLD WAY;;339.431;-118.401
230409692;06/24/2023 12:00:00 AM;06/24/2020 12:00:00 AM;1620;4;Hollenbeck;429;2;354;THEFT OF IDENTITY;0929 1822;38;F;H;502;MULTI-UNIT DWELLING (APARTMENT, DUPLEX, ETC);;;IC;Invest Cont;354;;;;3500    COPELAND                     PL;;340.857;-1.181.655
211711508;08/13/2021 12:00:00 AM;11/01/2020 00:00;1200;17;Devonshire;1799;1;440;THEFT PLAIN - PETTY ($950 & UNDER);344;36;M;O;501;SINGLE FAMILY DWELLING;;;IC;Invest Cont;440;;;;8300    GLORIA                       AV;;342.213;-1.184.809
221810933;05/17/2022 12:00:00 AM;05/06/2020 00:00;1;18;Southeast;1832;2;845;SEX OFFENDER REGISTRANT OUT OF COMPLIANCE;0913 1501;0;X;X;726;POLICE FACILITY;;;AA;Adult Arrest;845;;;;100 W  108TH                        ST;;339.401;-1.182.761
221513237;08/08/2022 00:00;07/05/2020 00:00;1;15;N Hollywood;1501;2;354;THEFT OF IDENTITY;377;59;M;H;501;SINGLE FAMILY DWELLING;;;IC;Invest Cont;354;;;;13200    CANTARA                      ST;;342.198;-1.184.201
220606971;03/05/2022 00:00;07/02/2020 00:00;940;6;Hollywood;636;1;230;ASSAULT WITH DEADLY WEAPON, AGGRAVATED ASSAULT;0400 0416 0444 1822 1501;52;M;W;102;SIDEWALK;400;STRONG-ARM (HANDS, FIST, FEET OR BODILY FORCE);AO;Adult Other;230;;;;YUCCA                        ST;HIGHLAND                     AV;341.032;-1.183.387
231512931;07/28/2023 12:00:00 AM;10/09/2020 00:00;1125;15;N Hollywood;1548;2;354;THEFT OF IDENTITY;377;29;M;B;502;MULTI-UNIT DWELLING (APARTMENT, DUPLEX, ETC);;;IC;Invest Cont;354;;;;11000    CHANDLER                     BL;;341.681;-1.183.704
231906802;03/09/2023 00:00;06/26/2020 12:00:00 AM;1100;19;Mission;1988;1;310;BURGLARY;1605 0329;54;M;H;501;SINGLE FAMILY DWELLING;;;IC;Invest Cont;310;;;;13600    OTTOMAN                      ST;;342.283;-1.184.286
222005367;01/30/2022 12:00:00 AM;11/01/2020 00:00;1250;20;Olympic;2079;2;354;THEFT OF IDENTITY;0100 0929 0923;42;M;B;502;MULTI-UNIT DWELLING (APARTMENT, DUPLEX, ETC);;;IC;Invest Cont;354;;;;2200 W  15TH                         ST;;340.453;-1.182.864
231817789;10/11/2023 00:00;01/11/2020 00:00;1355;18;Southeast;1841;2;354;THEFT OF IDENTITY;0928 1822;41;M;B;501;SINGLE FAMILY DWELLING;;;IC;Invest Cont;354;;;;11100    DENVER                       AV;;339.347;-1.182.848
230707560;03/24/2023 12:00:00 AM;03/20/2020 12:00:00 AM;2030;7;Wilshire;759;2;662;BUNCO, GRAND THEFT;0701 0800;43;M;H;501;SINGLE FAMILY DWELLING;;;IC;Invest Cont;662;;;;1100 S  NORTON                       AV;;340.515;-1.183.219
231613896;11/09/2023 00:00;04/01/2020 00:00;1159;16;Foothill;1677;2;354;THEFT OF IDENTITY;1822 0930;33;F;W;501;SINGLE FAMILY DWELLING;;;IC;Invest Cont;354;;;;8700    WHEATLAND                    AV;;342.278;-1.183.622
230818547;12/26/2023 12:00:00 AM;10/21/2020 12:00:00 AM;1435;8;West LA;842;2;354;THEFT OF IDENTITY;935;0;X;X;501;SINGLE FAMILY DWELLING;;;IC;Invest Cont;354;;;;1400    BUTLER                       AV;;340.484;-1.184.544
220608736;04/12/2022 00:00;10/22/2020 12:00:00 AM;1200;6;Hollywood;666;2;649;DOCUMENT FORGERY / STOLEN FELONY;0344 1822 1501 0923;57;F;W;501;SINGLE FAMILY DWELLING;;;IC;Invest Cont;649;;;;6200    BANNER                       AV;;340.917;-1.183.244
221004913;01/25/2022 12:00:00 AM;09/01/2020 00:00;1700;10;West Valley;1067;2;354;THEFT OF IDENTITY;1822 0930;45;F;W;203;OTHER BUSINESS;;;IC;Invest Cont;354;;;;5200    GENESTA                      AV;;34.166;-1.185.033
231204446;01/06/2023 00:00;01/06/2020 00:00;1625;12;77th Street;1241;2;354;THEFT OF IDENTITY;0100 0930 0922;22;F;O;502;MULTI-UNIT DWELLING (APARTMENT, DUPLEX, ETC);;;IC;Invest Cont;354;;;;6400    10TH                         AV;;339.817;-1.183.279
231205201;01/16/2023 12:00:00 AM;07/01/2020 00:00;1900;12;77th Street;1252;2;354;THEFT OF IDENTITY;0100 0930 0935 0929 0922 1822;24;F;B;501;SINGLE FAMILY DWELLING;;;IC;Invest Cont;354;;;;2300 W  FLORENCE                     AV;;339.746;-1.183.188
211313647;08/02/2021 00:00;10/22/2020 12:00:00 AM;800;13;Newton;1391;2;928;THREATENING PHONE CALLS/LETTERS;0359 0421 1814 0602 0913;27;F;W;502;MULTI-UNIT DWELLING (APARTMENT, DUPLEX, ETC);511;VERBAL THREAT;AO;Adult Other;928;;;;300 W  70TH                         ST;;339.765;-1.182.789
220509193;05/17/2022 12:00:00 AM;10/01/2020 00:00;1200;5;Harbor;528;1;510;VEHICLE - STOLEN;;0;;;101;STREET;;;IC;Invest Cont;510;;;;PACIFIC COAST;MAHAR;33.791;-1.182.469
230708191;04/07/2023 00:00;08/30/2020 12:00:00 AM;1635;7;Wilshire;736;2;354;THEFT OF IDENTITY;1822;48;F;W;501;SINGLE FAMILY DWELLING;;;IC;Invest Cont;354;;;;300 S  COCHRAN                      AV;;340.692;-1.183.472
221700766;05/11/2022 00:00;10/01/2020 00:00;800;17;Devonshire;1721;1;341;THEFT-GRAND ($950.01 & OVER)EXCPT,GUNS,FOWL,LIVESTK,PROD;0352 0344;37;M;H;501;SINGLE FAMILY DWELLING;;;IC;Invest Cont;341;;;;21600    TRIBUNE                      ST;;342.675;-1.186.005
231220613;10/02/2023 00:00;07/17/2020 12:00:00 AM;1;12;77th Street;1207;2;354;THEFT OF IDENTITY;0800 0100 0930 1822;42;F;B;501;SINGLE FAMILY DWELLING;;;IC;Invest Cont;354;;;;800 W  50TH                         PL;;33.997;-1.182.871
230309403;04/15/2023 12:00:00 AM;09/06/2020 00:00;1;3;Southwest;363;2;354;THEFT OF IDENTITY;1822 0100 0930 0928;30;F;O;502;MULTI-UNIT DWELLING (APARTMENT, DUPLEX, ETC);;;IC;Invest Cont;354;;;;4000    WEST                         BL;;340.128;-1.183.447
220506019;02/01/2022 00:00;02/01/2020 00:00;1200;5;Harbor;507;2;627;CHILD ABUSE (PHYSICAL) - SIMPLE ASSAULT;0913 0602 0557 0400 0416 1258;12;M;H;501;SINGLE FAMILY DWELLING;400;STRONG-ARM (HANDS, FIST, FEET OR BODILY FORCE);AO;Adult Other;627;;;;1400 W  227TH                        ST;;338.201;-1.183.015
231107419;03/30/2023 12:00:00 AM;08/08/2020 00:00;2346;11;Northeast;1122;2;624;BATTERY - SIMPLE ASSAULT;1278 0400 1310;40;M;H;122;VEHICLE, PASSENGER/TRUCK;400;STRONG-ARM (HANDS, FIST, FEET OR BODILY FORCE);IC;Invest Cont;624;;;;LOS FELIZ                    BL;CRYSTAL SPRINGS              DR;34.117;-1.182.717
221204063;12/09/2021 00:00;01/20/2020 12:00:00 AM;1725;12;77th Street;1255;2;354;THEFT OF IDENTITY;928;21;M;H;501;SINGLE FAMILY DWELLING;;;IC;Invest Cont;354;;;;7400 S  DENKER                       AV;;339.728;-1.183.046
221225797;12/22/2022 12:00:00 AM;12/22/2020 12:00:00 AM;220;12;77th Street;1249;1;510;VEHICLE - STOLEN;;0;;;101;STREET;;;IC;Invest Cont;510;;;;6900 S  FIGUEROA                     ST;;339.774;-1.182.827
231809755;04/28/2023 12:00:00 AM;03/01/2020 00:00;800;18;Southeast;1824;2;354;THEFT OF IDENTITY;0928 1822;42;M;B;501;SINGLE FAMILY DWELLING;;;IC;Invest Cont;354;;;;9400 S  CENTRAL                      AV;;339.509;-1.182.546
220411016;07/18/2022 12:00:00 AM;06/22/2020 12:00:00 AM;1300;4;Hollenbeck;439;1;310;BURGLARY;344;68;M;H;221;PUBLIC STORAGE;;;IC;Invest Cont;310;;;;4800    VALLEY                       BL;;340.659;-1.181.802
230710560;06/08/2023 00:00;06/01/2020 00:00;200;7;Wilshire;752;1;121;RAPE, FORCIBLE;0448 0527 0305 0340 1268 0416 1822 2004;18;F;B;103;ALLEY;400;STRONG-ARM (HANDS, FIST, FEET OR BODILY FORCE);IC;Invest Cont;121;;;;1200    LA CIENEGA                   BL;;340.555;-1.183.762
221505387;02/04/2022 00:00;03/01/2020 00:00;1200;15;N Hollywood;1569;1;230;ASSAULT WITH DEADLY WEAPON, AGGRAVATED ASSAULT;0444 0411 0429 0913 0400 0416 2000 1814;39;F;H;501;SINGLE FAMILY DWELLING;200;KNIFE WITH BLADE 6INCHES OR LESS;AA;Adult Arrest;230;;;;10500    RIVERSIDE                    DR;;341.522;-1.183.593
232005220;01/28/2023 12:00:00 AM;09/01/2020 00:00;1620;20;Olympic;2074;2;354;THEFT OF IDENTITY;1822;31;F;H;501;SINGLE FAMILY DWELLING;;;IC;Invest Cont;354;;;;2000    CAMBRIDGE                    ST;;340.446;-1.183.003
232110125;06/08/2023 00:00;04/27/2020 12:00:00 AM;1400;21;Topanga;2175;2;624;BATTERY - SIMPLE ASSAULT;1218 2004 1202 0416 0429 1822;81;M;W;108;PARKING LOT;400;STRONG-ARM (HANDS, FIST, FEET OR BODILY FORCE);AO;Adult Other;624;;;;TOPANGA CANYON;VENTURA;341.732;-1.186.152
230306591;02/19/2023 12:00:00 AM;12/05/2020 00:00;1040;3;Southwest;307;2;354;THEFT OF IDENTITY;0100 1822 0917 0929 0930 0928;54;F;K;501;SINGLE FAMILY DWELLING;;;IC;Invest Cont;354;;;;2500    WELLINGTON                   RD;;340.332;-1.183.375
221913440;08/20/2022 12:00:00 AM;04/17/2020 12:00:00 AM;955;19;Mission;1913;2;354;THEFT OF IDENTITY;1202;78;F;W;501;SINGLE FAMILY DWELLING;;;IC;Invest Cont;354;;;;15200    COBALT                       ST;;343.131;-1.184.632
210217152;11/02/2021 00:00;01/01/2020 00:00;1030;2;Rampart;215;2;812;CRM AGNST CHLD (13 OR UNDER) (14-15 & SUSP 10 YRS OLDER);0602 1251 1258 0913 0500 0522 0551 0360 0400 2021;8;F;F;501;SINGLE FAMILY DWELLING;400;STRONG-ARM (HANDS, FIST, FEET OR BODILY FORCE);AO;Adult Other;812;860;;;400 N  VENDOME                      ST;;340.767;-1.182.791
211804895;12/09/2020 00:00;12/09/2020 00:00;1230;18;Southeast;1823;1;210;ROBBERY;0344 1300 0342 0302 0390 0400 1822 1240 1309 0216;53;F;H;101;STREET;106;UNKNOWN FIREARM;IC;Invest Cont;210;;;;400 E  95TH                         ST;;339.502;-1.182.673
220604806;01/19/2022 12:00:00 AM;03/21/2020 12:00:00 AM;1200;6;Hollywood;636;2;354;THEFT OF IDENTITY;1822 0930;54;F;B;501;SINGLE FAMILY DWELLING;;;IC;Invest Cont;354;;;;6400    YUCCA                        ST;;341.039;-1.183.297
221404880;01/20/2022 12:00:00 AM;12/01/2020 00:00;1430;14;Pacific;1464;1;480;BIKE - STOLEN;344;32;M;W;707;GARAGE/CARPORT;;;IC;Invest Cont;480;;;;12600    VILLAGE                      LN;;339.779;-1.184.142
221822433;12/19/2022 12:00:00 AM;11/25/2020 12:00:00 AM;2200;18;Southeast;1822;1;121;RAPE, FORCIBLE;0913 2002 0531 0444 0416 0510 0419 0516 0527;27;F;H;505;MOTEL;400;STRONG-ARM (HANDS, FIST, FEET OR BODILY FORCE);IC;Invest Cont;121;;;;10300 S  BROADWAY;;339.428;-1.182.781
220218655;10/17/2022 12:00:00 AM;05/08/2020 00:00;1000;2;Rampart;257;2;354;THEFT OF IDENTITY;0923 0100 1822;22;M;H;502;MULTI-UNIT DWELLING (APARTMENT, DUPLEX, ETC);;;IC;Invest Cont;354;;;;500    UNION                        DR;;340.587;-1.182.678
231706742;03/06/2023 00:00;01/01/2020 00:00;1200;17;Devonshire;1721;2;813;CHILD ANNOYING (17YRS & UNDER);2024 0500 1822 1251 0940 1259;11;F;W;502;MULTI-UNIT DWELLING (APARTMENT, DUPLEX, ETC);;;IC;Invest Cont;813;;;;10400    LARWIN                       AV;;342.589;-1.186.137
231809250;04/20/2023 12:00:00 AM;04/20/2020 12:00:00 AM;915;18;Southeast;1846;2;354;THEFT OF IDENTITY;0930 1822;30;F;B;502;MULTI-UNIT DWELLING (APARTMENT, DUPLEX, ETC);;;IC;Invest Cont;354;;;;1400 E  111TH                        PL;;33.934;-1.182.498
211105454;02/12/2021 00:00;11/29/2020 12:00:00 AM;1200;11;Northeast;1144;2;354;THEFT OF IDENTITY;1822 0100;60;M;W;501;SINGLE FAMILY DWELLING;;;IC;Invest Cont;354;;;;2400    MORENO                       DR;;341.047;-1.182.687
220605785;02/08/2022 00:00;10/16/2020 12:00:00 AM;1820;6;Hollywood;666;2;956;LETTERS, LEWD  -  TELEPHONE CALLS, LEWD;1501 1822;41;M;W;501;SINGLE FAMILY DWELLING;;;IC;Invest Cont;956;;;;1200 N  CAHUENGA                     BL;;340.925;-1.183.288
221604268;01/07/2022 00:00;02/19/2020 12:00:00 AM;1300;16;Foothill;1667;2;354;THEFT OF IDENTITY;0377 1822;44;M;W;501;SINGLE FAMILY DWELLING;;;IC;Invest Cont;354;;;;9300    SUNLAND PARK                 DR;;342.397;-1.183.661
232006335;01/23/2023 12:00:00 AM;10/09/2020 00:00;1551;20;Olympic;2049;2;354;THEFT OF IDENTITY;0100 0344 0922 0923 0924 0925 0929 0930 1822;38;F;H;501;SINGLE FAMILY DWELLING;;;IC;Invest Cont;354;;;;2700    JAMES M WOOD                 BL;;340.559;-1.182.868
221912723;08/02/2022 00:00;11/01/2020 00:00;1100;19;Mission;1972;2;649;DOCUMENT FORGERY / STOLEN FELONY;923;56;F;H;501;SINGLE FAMILY DWELLING;;;IC;Invest Cont;649;;;;8900    BURNET                       AV;;342.319;-1.184.633
221218237;08/23/2022 12:00:00 AM;08/23/2020 12:00:00 AM;1600;12;77th Street;1203;2;812;CRM AGNST CHLD (13 OR UNDER) (14-15 & SUSP 10 YRS OLDER);1251 1258 1203 0913 0500 0522 0551;8;F;H;501;SINGLE FAMILY DWELLING;400;STRONG-ARM (HANDS, FIST, FEET OR BODILY FORCE);AO;Adult Other;812;860;;;1600 W  45TH                         ST;;340.028;-1.183.068
222008928;04/21/2022 12:00:00 AM;07/01/2020 00:00;1200;20;Olympic;2023;2;354;THEFT OF IDENTITY;1822;62;M;A;502;MULTI-UNIT DWELLING (APARTMENT, DUPLEX, ETC);;;IC;Invest Cont;354;;;;400 S  KINGSLEY                     DR;;340.672;-1.183.028
221304490;01/11/2022 00:00;10/01/2020 00:00;2000;13;Newton;1385;2;354;THEFT OF IDENTITY;100;29;F;B;701;HOSPITAL;;;IC;Invest Cont;354;;;;300 E  59TH                         PL;;339.861;-1.182.696
221314362;07/11/2022 00:00;04/07/2020 00:00;1;13;Newton;1307;2;354;THEFT OF IDENTITY;0800 0100 0930;53;F;H;502;MULTI-UNIT DWELLING (APARTMENT, DUPLEX, ETC);;;IC;Invest Cont;354;;;;1600 E  OLYMPIC                      BL;;340.349;-1.182.436
230305615;02/01/2023 00:00;01/25/2020 12:00:00 AM;1;3;Southwest;355;1;121;RAPE, FORCIBLE;1821 1241 0913 2000 0527 2034 0512;33;F;W;501;SINGLE FAMILY DWELLING;400;STRONG-ARM (HANDS, FIST, FEET OR BODILY FORCE);AO;Adult Other;121;;;;3600    CIMARRON                     ST;;340.228;-1.183.156
220817021;11/18/2022 12:00:00 AM;11/17/2020 12:00:00 AM;2330;8;West LA;839;2;930;CRIMINAL THREATS - NO WEAPON DISPLAYED;421;32;M;H;203;OTHER BUSINESS;511;VERBAL THREAT;IC;Invest Cont;930;;;;2000    AVENUE OF THE STARS;;340.587;-1.184.158
230220152;10/25/2023 12:00:00 AM;01/25/2020 12:00:00 AM;1845;2;Rampart;295;2;354;THEFT OF IDENTITY;100;34;M;B;502;MULTI-UNIT DWELLING (APARTMENT, DUPLEX, ETC);;;IC;Invest Cont;354;;;;1300 S  BURLINGTON                   AV;;340.456;-1.182.789
220206045;02/17/2022 12:00:00 AM;11/19/2020 12:00:00 AM;900;2;Rampart;299;2;354;THEFT OF IDENTITY;0100 1822;38;M;B;502;MULTI-UNIT DWELLING (APARTMENT, DUPLEX, ETC);;;IC;Invest Cont;354;;;;1000 W  18TH                         ST;;340.387;-1.182.786
230710295;05/31/2023 12:00:00 AM;01/01/2020 00:00;1200;7;Wilshire;753;2;956;LETTERS, LEWD  -  TELEPHONE CALLS, LEWD;2000 1814 1906;29;F;B;502;MULTI-UNIT DWELLING (APARTMENT, DUPLEX, ETC);;;AO;Adult Other;956;;;;1000 S  ORANGE GROVE                 AV;;340.578;-1.183.628
222104573;01/18/2022 12:00:00 AM;08/07/2020 00:00;1155;21;Topanga;2169;2;354;THEFT OF IDENTITY;0922 1822;38;F;W;501;SINGLE FAMILY DWELLING;;;IC;Invest Cont;354;;;;6200    PENFIELD                     AV;;341.818;-1.185.676
221605629;02/21/2022 12:00:00 AM;10/31/2020 12:00:00 AM;2000;16;Foothill;1601;1;121;RAPE, FORCIBLE;0558 0913 1258 0527;11;F;H;501;SINGLE FAMILY DWELLING;400;STRONG-ARM (HANDS, FIST, FEET OR BODILY FORCE);IC;Invest Cont;121;812;;;12800    PAXTON                       ST;;342.865;-1.184.161
221907310;03/21/2022 12:00:00 AM;03/19/2020 12:00:00 AM;1510;19;Mission;1984;1;815;SEXUAL PENETRATION W/FOREIGN OBJECT;1402 0554 1258 0515 0913 1817 2024;7;F;H;501;SINGLE FAMILY DWELLING;400;STRONG-ARM (HANDS, FIST, FEET OR BODILY FORCE);JA;Juv Arrest;815;998;;;8600    WILLIS                       AV;;342.266;-1.184.553
221605942;03/02/2022 00:00;08/27/2020 12:00:00 AM;800;16;Foothill;1613;2;810;SEX,UNLAWFUL(INC MUTUAL CONSENT, PENETRATION W/ FRGN OBJ;0533 1814 0522 0527 1259 0913;14;F;H;502;MULTI-UNIT DWELLING (APARTMENT, DUPLEX, ETC);;;IC;Invest Cont;810;;;;12600    PIERCE                       ST;;342.758;-1.184.052
220221083;12/02/2022 00:00;11/28/2020 12:00:00 AM;1600;2;Rampart;269;1;121;RAPE, FORCIBLE;1262 0913 1206 0500 0527;19;F;B;502;MULTI-UNIT DWELLING (APARTMENT, DUPLEX, ETC);400;STRONG-ARM (HANDS, FIST, FEET OR BODILY FORCE);IC;Invest Cont;121;;;;700 S  BIXEL                        ST;;340.509;-1.182.642
210805061;12/24/2020 12:00:00 AM;12/23/2020 12:00:00 AM;1200;8;West LA;823;1;331;THEFT FROM MOTOR VEHICLE - GRAND ($950.01 AND OVER);0344 1822 1202 0385;62;M;W;501;SINGLE FAMILY DWELLING;;;IC;Invest Cont;331;;;;15300    DE PAUW                      ST;;34.039;-1.185.262
221418972;11/15/2022 12:00:00 AM;11/15/2020 12:00:00 AM;1200;14;Pacific;1414;2;626;INTIMATE PARTNER - SIMPLE ASSAULT;2000 0400 1813 0552;28;F;H;502;MULTI-UNIT DWELLING (APARTMENT, DUPLEX, ETC);400;STRONG-ARM (HANDS, FIST, FEET OR BODILY FORCE);AO;Adult Other;626;;;;600    INDIANA                      AV;;339.962;-1.184.694
220116036;06/17/2022 12:00:00 AM;03/23/2020 12:00:00 AM;1200;1;Central;135;2;354;THEFT OF IDENTITY;0927 1822 1414;48;M;B;112;BUS, SCHOOL, CHURCH;;;IC;Invest Cont;354;;;;100 E  3RD                          ST;;340.495;-1.182.459
221916942;11/15/2022 12:00:00 AM;04/01/2020 00:00;5;19;Mission;1904;1;820;ORAL COPULATION;1258 0554 0913 1817 0421 2024 0507;8;M;B;501;SINGLE FAMILY DWELLING;400;STRONG-ARM (HANDS, FIST, FEET OR BODILY FORCE);IC;Invest Cont;812;820;;;14000    LAKESIDE                     ST;;34.321;-1.184.381
210304538;12/21/2020 12:00:00 AM;01/01/2020 00:00;1200;3;Southwest;363;1;820;ORAL COPULATION;1258 1251 0913 0555 0512 0550 0510;6;F;B;501;SINGLE FAMILY DWELLING;400;STRONG-ARM (HANDS, FIST, FEET OR BODILY FORCE);JO;Juv Other;812;820;;;4100    MARLTON                      AV;;340.102;-1.183.404
220605303;01/30/2022 12:00:00 AM;01/10/2020 00:00;800;6;Hollywood;669;2;354;THEFT OF IDENTITY;0377 1822 1501 0930 0928 0929;28;M;W;502;MULTI-UNIT DWELLING (APARTMENT, DUPLEX, ETC);;;IC;Invest Cont;354;;;;1100 N  ARDMORE                      AV;;340.908;-1.183.012
220407289;04/06/2022 00:00;09/01/2020 00:00;1130;4;Hollenbeck;464;2;860;BATTERY WITH SEXUAL CONTACT;0500 0522 1822 0400;12;F;H;102;SIDEWALK;400;STRONG-ARM (HANDS, FIST, FEET OR BODILY FORCE);IC;Invest Cont;860;;;;PERCY;SPENCE;340.445;-1.182.116
220504793;01/22/2022 12:00:00 AM;04/01/2020 00:00;935;5;Harbor;532;2;956;LETTERS, LEWD  -  TELEPHONE CALLS, LEWD;1906;28;F;H;710;OTHER PREMISE;;;IC;Invest Cont;956;;;;1100    MCDONALD                     AV;;337.845;-1.182.714
211206256;10/24/2020 12:00:00 AM;10/23/2020 12:00:00 AM;1800;12;77th Street;1248;2;740;VANDALISM - FELONY ($400 & OVER, ALL CHURCH VANDALISMS);0329 1300;31;M;I;122;VEHICLE, PASSENGER/TRUCK;;;IC;Invest Cont;740;;;;900 W  65TH                         ST;;339.801;-1.182.914
231404594;12/31/2022 12:00:00 AM;03/04/2020 00:00;2;14;Pacific;1454;2;354;THEFT OF IDENTITY;377;54;M;O;501;SINGLE FAMILY DWELLING;;;IC;Invest Cont;354;;;;12900    WALSH                        AV;;339.869;-1.184.301
221916382;11/02/2022 00:00;11/11/2020 00:00;1200;19;Mission;1962;2;354;THEFT OF IDENTITY;0929 1822;31;F;B;501;SINGLE FAMILY DWELLING;;;IC;Invest Cont;354;;;;15100    TAMARACK                     CT;;34.239;-1.184.618
230110332;11/26/2020 12:00:00 AM;11/26/2020 12:00:00 AM;1000;1;Central;132;1;815;SEXUAL PENETRATION W/FOREIGN OBJECT;2000 0913 0515;19;F;W;502;MULTI-UNIT DWELLING (APARTMENT, DUPLEX, ETC);400;STRONG-ARM (HANDS, FIST, FEET OR BODILY FORCE);AA;Adult Arrest;815;;;;200 S  OLIVE                        ST;;340.535;-1.182.491
230320974;12/08/2023 00:00;04/22/2020 12:00:00 AM;655;3;Southwest;362;2;354;THEFT OF IDENTITY;1822 0100;50;M;B;501;SINGLE FAMILY DWELLING;;;IC;Invest Cont;354;;;;3800    POTOMAC                      AV;;34.016;-118.346
232104037;01/02/2023 00:00;02/01/2020 00:00;1700;21;Topanga;2148;2;940;EXTORTION;2000 0337;23;F;W;103;ALLEY;;;AO;Adult Other;940;;;;VANOWEN                      ST;WINNETKA                     AV;341.938;-118.571
220319193;10/27/2022 12:00:00 AM;11/12/2020 00:00;1500;3;Southwest;393;2;946;OTHER MISCELLANEOUS CRIME;0602 0913 0400;53;M;B;501;SINGLE FAMILY DWELLING;;;IC;Invest Cont;946;;;;4100    GARTHWAITE                   AV;;340.094;-1.183.231
231110558;06/27/2023 12:00:00 AM;08/07/2020 00:00;1400;11;Northeast;1149;2;946;OTHER MISCELLANEOUS CRIME;;26;M;B;710;OTHER PREMISE;;;IC;Invest Cont;946;;;;200 N  AVE 55;;341.094;-1.181.963
221509576;05/13/2022 12:00:00 AM;05/20/2020 12:00:00 AM;1500;15;N Hollywood;1543;2;625;OTHER ASSAULT;0444 0416 0356;48;M;H;108;PARKING LOT;400;STRONG-ARM (HANDS, FIST, FEET OR BODILY FORCE);AO;Adult Other;625;;;;12100    BURBANK                      BL;;341.721;-1.183.965
221907738;04/01/2022 00:00;01/01/2020 00:00;1200;19;Mission;1987;2;354;THEFT OF IDENTITY;;16;M;H;501;SINGLE FAMILY DWELLING;;;IC;Invest Cont;354;;;;8500    MAMMOTH                      AV;;342.249;-1.184.344
230604435;01/11/2023 00:00;12/13/2020 12:00:00 AM;2000;6;Hollywood;667;1;310;BURGLARY;1822 0344;45;F;W;120;STORAGE SHED;500;UNKNOWN WEAPON/OTHER WEAPON;IC;Invest Cont;310;;;;5800    SANTA MONICA                 BL;;340.944;-118.319
220908425;04/26/2022 12:00:00 AM;11/20/2020 12:00:00 AM;1600;9;Van Nuys;952;1;310;BURGLARY;0344 1601;50;F;H;221;PUBLIC STORAGE;;;IC;Invest Cont;310;;;;5200 N  SEPULVEDA                    BL;;341.649;-1.184.661
230911235;06/29/2023 12:00:00 AM;11/01/2020 00:00;600;9;Van Nuys;964;2;354;THEFT OF IDENTITY;377;46;M;O;501;SINGLE FAMILY DWELLING;;;IC;Invest Cont;354;;;;5100    STANSBURY                    AV;;341.635;-1.184.411
230818509;11/20/2023 12:00:00 AM;01/01/2020 00:00;700;8;West LA;823;1;341;THEFT-GRAND ($950.01 & OVER)EXCPT,GUNS,FOWL,LIVESTK,PROD;0601 1822;44;F;W;501;SINGLE FAMILY DWELLING;;;IC;Invest Cont;341;;;;800    VIA DE LA PAZ;;340.448;-1.185.277
232109597;05/27/2023 12:00:00 AM;07/14/2020 12:00:00 AM;1655;21;Topanga;2118;2;354;THEFT OF IDENTITY;1822 0922 0929 0930;52;M;W;501;SINGLE FAMILY DWELLING;;;IC;Invest Cont;354;;;;20400    CANTARA                      ST;;342.191;-1.185.771
221011819;07/20/2022 12:00:00 AM;07/19/2020 12:00:00 AM;1800;10;West Valley;1004;1;331;THEFT FROM MOTOR VEHICLE - GRAND ($950.01 AND OVER);1822 0344 1300;80;F;K;108;PARKING LOT;;;IC;Invest Cont;331;;;;18400    INGOMAR                      ST;;34.212;-118.534
231711215;06/12/2023 00:00;11/12/2020 00:00;1110;17;Devonshire;1701;2;354;THEFT OF IDENTITY;0929 1822 0930;51;M;B;501;SINGLE FAMILY DWELLING;;;IC;Invest Cont;354;;;;20600    LUGANO                       WY;;342.799;-1.185.818
210907013;03/16/2021 12:00:00 AM;11/15/2020 12:00:00 AM;1200;9;Van Nuys;931;2;940;EXTORTION;1202 0337;59;M;O;501;SINGLE FAMILY DWELLING;;;IC;Invest Cont;940;;;;6300    PEACH                        AV;;341.848;-1.184.675
230507982;04/20/2023 12:00:00 AM;04/01/2020 00:00;1;5;Harbor;563;2;624;BATTERY - SIMPLE ASSAULT;0913 1259;14;F;W;501;SINGLE FAMILY DWELLING;400;STRONG-ARM (HANDS, FIST, FEET OR BODILY FORCE);JO;Juv Other;624;;;;700 S  LELAND                       ST;;337.379;-1.183.012
230714761;09/18/2023 12:00:00 AM;06/16/2020 12:00:00 AM;1445;7;Wilshire;758;2;354;THEFT OF IDENTITY;930;33;F;J;501;SINGLE FAMILY DWELLING;;;IC;Invest Cont;354;;;;1100 S  MUIRFIELD                    RD;;340.537;-1.183.327
221211022;04/26/2022 12:00:00 AM;04/26/2020 12:00:00 AM;2115;12;77th Street;1204;2;354;THEFT OF IDENTITY;100;41;F;H;501;SINGLE FAMILY DWELLING;;;IC;Invest Cont;354;;;;1100 W  VERNON                       AV;;340.037;-1.182.938
230506149;02/28/2023 12:00:00 AM;07/01/2020 00:00;1200;5;Harbor;521;1;510;VEHICLE - STOLEN;;0;;;101;STREET;;;IC;Invest Cont;510;;;;SANFORD;ANAHEIM;337.694;-1.182.955
221313048;06/17/2022 12:00:00 AM;01/01/2020 00:00;1;13;Newton;1303;1;341;THEFT-GRAND ($950.01 & OVER)EXCPT,GUNS,FOWL,LIVESTK,PROD;1822 0344 0601;51;M;O;406;OTHER STORE;;;IC;Invest Cont;341;;;;1000    TOWNE                        AV;;340.342;-1.182.496
241904532;12/19/2023 12:00:00 AM;05/01/2020 00:00;5;19;Mission;1993;1;815;SEXUAL PENETRATION W/FOREIGN OBJECT;1258 0522 0515 0913 1817 1801;8;F;B;502;MULTI-UNIT DWELLING (APARTMENT, DUPLEX, ETC);400;STRONG-ARM (HANDS, FIST, FEET OR BODILY FORCE);IC;Invest Cont;812;815;;;8100 N  SEPULVEDA                    PL;;342.181;-1.184.664
230309845;04/24/2023 12:00:00 AM;09/01/2020 00:00;1200;3;Southwest;319;2;956;LETTERS, LEWD  -  TELEPHONE CALLS, LEWD;0342 0913 1236 1906 1913;30;M;W;203;OTHER BUSINESS;;;AO;Adult Other;956;;;;1900    PARK GROVE                   AV;;340.363;-1.182.762
231810615;05/17/2023 12:00:00 AM;01/01/2020 00:00;1200;18;Southeast;1849;1;820;ORAL COPULATION;0913 0360 0507 1257;3;M;B;501;SINGLE FAMILY DWELLING;400;STRONG-ARM (HANDS, FIST, FEET OR BODILY FORCE);IC;Invest Cont;812;820;;;2000 E  115TH                        ST;;339.305;-1.182.363
220110779;04/21/2022 12:00:00 AM;11/28/2020 12:00:00 AM;1700;1;Central;111;2;662;BUNCO, GRAND THEFT;0800 0701 0344 1822;55;F;A;502;MULTI-UNIT DWELLING (APARTMENT, DUPLEX, ETC);;;IC;Invest Cont;662;;;;500 W  CESAR E CHAVEZ               AV;;340.592;-1.182.414
220106694;02/16/2022 12:00:00 AM;03/13/2020 12:00:00 AM;1900;1;Central;111;2;668;EMBEZZLEMENT, GRAND THEFT ($950.01 & OVER);1803 0344 0913;0;X;X;721;HIGH SCHOOL;;;IC;Invest Cont;668;;;;400 N  GRAND                        AV;;340.595;-1.182.451
230126260;12/11/2023 00:00;12/10/2020 00:00;800;1;Central;182;1;330;BURGLARY FROM VEHICLE;1822 1300 1307 0344;28;M;W;101;STREET;500;UNKNOWN WEAPON/OTHER WEAPON;IC;Invest Cont;330;;;;1100 S  GRAND                        AV;;340.415;-118.262
231223480;11/21/2023 12:00:00 AM;02/02/2020 00:00;1;12;77th Street;1233;2;845;SEX OFFENDER REGISTRANT OUT OF COMPLIANCE;1501;0;X;X;501;SINGLE FAMILY DWELLING;;;IC;Invest Cont;845;;;;5800    HAAS                         AV;;339.891;-1.183.167
221507610;03/28/2022 12:00:00 AM;03/22/2020 12:00:00 AM;500;15;N Hollywood;1548;1;236;INTIMATE PARTNER - AGGRAVATED ASSAULT;2000 0400 0416 0444;33;F;B;502;MULTI-UNIT DWELLING (APARTMENT, DUPLEX, ETC);400;STRONG-ARM (HANDS, FIST, FEET OR BODILY FORCE);AO;Adult Other;236;;;;5200    HARMONY                      AV;;341.649;-1.183.665
231218307;08/18/2023 12:00:00 AM;07/06/2020 00:00;1605;12;77th Street;1218;2;354;THEFT OF IDENTITY;0100 0930 0922 1822 0917;28;F;B;501;SINGLE FAMILY DWELLING;;;IC;Invest Cont;354;;;;800 W  52ND                         ST;;339.953;-1.182.872
220611171;05/31/2022 12:00:00 AM;03/10/2020 00:00;1000;6;Hollywood;632;2;354;THEFT OF IDENTITY;1822;49;M;O;710;OTHER PREMISE;;;IC;Invest Cont;354;;;;8400    HOLLYWOOD                    BL;;340.994;-1.183.727
220705297;02/04/2022 00:00;11/01/2020 00:00;1255;7;Wilshire;736;2;354;THEFT OF IDENTITY;344;44;F;H;145;MAIL BOX;;;IC;Invest Cont;354;;;;300 S  DETROIT                      ST;;340.683;-1.183.451
231805308;01/26/2023 12:00:00 AM;07/15/2020 12:00:00 AM;1238;18;Southeast;1842;2;354;THEFT OF IDENTITY;1822 0922 0929 0930;23;F;O;501;SINGLE FAMILY DWELLING;;;IC;Invest Cont;354;;;;100 W  IMPERIAL                     HY;;339.347;-1.182.761
231311304;05/25/2023 12:00:00 AM;06/15/2020 12:00:00 AM;1535;13;Newton;1377;2;354;THEFT OF IDENTITY;1822;31;M;J;501;SINGLE FAMILY DWELLING;;;IC;Invest Cont;354;;;;5500    MORGAN                       AV;;33.993;-1.182.446
220804051;12/11/2021 00:00;01/18/2020 12:00:00 AM;910;8;West LA;882;2;956;LETTERS, LEWD  -  TELEPHONE CALLS, LEWD;1906 0913;37;F;W;501;SINGLE FAMILY DWELLING;;;AO;Adult Other;956;;;;1900    SAWTELLE                     BL;;340.425;-118.445
221005035;01/29/2022 12:00:00 AM;08/01/2020 00:00;1500;10;West Valley;1035;2;812;CRM AGNST CHLD (13 OR UNDER) (14-15 & SUSP 10 YRS OLDER);0913 0360 0400 0551 1259;13;F;H;502;MULTI-UNIT DWELLING (APARTMENT, DUPLEX, ETC);400;STRONG-ARM (HANDS, FIST, FEET OR BODILY FORCE);JO;Juv Other;812;860;;;6600    DARBY                        AV;;341.902;-1.185.335
220917253;12/13/2022 12:00:00 AM;12/21/2020 12:00:00 AM;1800;9;Van Nuys;916;2;626;INTIMATE PARTNER - SIMPLE ASSAULT;1813 2000 0416 0419;20;F;H;502;MULTI-UNIT DWELLING (APARTMENT, DUPLEX, ETC);400;STRONG-ARM (HANDS, FIST, FEET OR BODILY FORCE);AO;Adult Other;626;;;;VANOWEN;WOODMAN;341.939;-1.184.313
220214942;08/11/2022 00:00;01/01/2020 00:00;1030;2;Rampart;279;1;331;THEFT FROM MOTOR VEHICLE - GRAND ($950.01 AND OVER);0385 0344 1822 1608 1300;43;M;V;108;PARKING LOT;;;IC;Invest Cont;331;;;;1500 W  OLYMPIC                      BL;;340.484;-1.182.724
220620646;12/27/2022 12:00:00 AM;11/19/2020 12:00:00 AM;1040;6;Hollywood;649;2;354;THEFT OF IDENTITY;0929 0922 0917;58;F;W;501;SINGLE FAMILY DWELLING;;;IC;Invest Cont;354;;;;1600 N  KINGSLEY                     DR;;34.1;-1.183.033
231613511;10/30/2023 12:00:00 AM;05/05/2020 00:00;525;16;Foothill;1641;2;354;THEFT OF IDENTITY;1822 0928 0377;22;M;H;501;SINGLE FAMILY DWELLING;;;IC;Invest Cont;354;;;;10200    RINCON                       AV;;342.558;-1.184.275
230609606;05/09/2023 00:00;08/23/2020 12:00:00 AM;1005;6;Hollywood;656;2;354;THEFT OF IDENTITY;1822;58;M;B;502;MULTI-UNIT DWELLING (APARTMENT, DUPLEX, ETC);;;IC;Invest Cont;354;;;;1000    VINE                         ST;;340.889;-1.183.266
221606629;03/22/2022 12:00:00 AM;05/01/2020 00:00;1125;16;Foothill;1664;2;354;THEFT OF IDENTITY;0928 0922 0930;43;F;H;501;SINGLE FAMILY DWELLING;;;IC;Invest Cont;354;;;;9300    GLENOAKS                     BL;;342.429;-1.183.887
220310780;05/16/2022 12:00:00 AM;10/01/2020 00:00;1130;3;Southwest;395;2;354;THEFT OF IDENTITY;0100 1251 1259 1822;13;M;H;501;SINGLE FAMILY DWELLING;;;IC;Invest Cont;354;;;;1800 W  43RD                         ST;;340.055;-1.183.113
230506618;03/13/2023 12:00:00 AM;08/05/2020 00:00;1;5;Harbor;522;2;845;SEX OFFENDER REGISTRANT OUT OF COMPLIANCE;913;0;M;O;726;POLICE FACILITY;;;AO;Adult Other;845;;;;2100    JOHN S GIBSON                BL;;337.795;-1.182.715
220413587;09/26/2022 12:00:00 AM;09/01/2020 00:00;300;4;Hollenbeck;459;1;121;RAPE, FORCIBLE;2000 0913 0527 1813 1243 2002 0400;50;F;H;501;SINGLE FAMILY DWELLING;400;STRONG-ARM (HANDS, FIST, FEET OR BODILY FORCE);IC;Invest Cont;121;;;;3200    BLANCHARD                    ST;;340.464;-1.181.933
220705715;02/15/2022 12:00:00 AM;08/15/2020 12:00:00 AM;815;7;Wilshire;762;2;354;THEFT OF IDENTITY;1822 0930 0922;27;M;B;501;SINGLE FAMILY DWELLING;;;IC;Invest Cont;354;;;;1500 S  HAYWORTH                     AV;;340.499;-118.368
221707355;02/15/2022 12:00:00 AM;07/23/2020 12:00:00 AM;2000;17;Devonshire;1703;2;745;VANDALISM - MISDEAMEANOR ($399 OR UNDER);0329 1202 0361 0913 0603;62;M;C;504;OTHER RESIDENCE;;;AO;Adult Other;745;;;;19100    DERWENT                      PL;;34.296;-1.185.502
211611263;08/31/2021 12:00:00 AM;02/10/2020 00:00;2300;16;Foothill;1645;2;813;CHILD ANNOYING (17YRS & UNDER);1259 0913 0500;16;F;H;501;SINGLE FAMILY DWELLING;511;VERBAL THREAT;AO;Adult Other;813;;;;12600    GARBER                       ST;;342.659;-1.184.058
232004972;01/25/2023 12:00:00 AM;01/01/2020 00:00;1200;20;Olympic;2038;2;812;CRM AGNST CHLD (13 OR UNDER) (14-15 & SUSP 10 YRS OLDER);1258 0448 0510 0522 0503 0509 0432;10;F;H;502;MULTI-UNIT DWELLING (APARTMENT, DUPLEX, ETC);400;STRONG-ARM (HANDS, FIST, FEET OR BODILY FORCE);AA;Adult Arrest;812;860;;;3000    LEEWARD                      AV;;340.587;-1.182.891
221704892;01/21/2022 12:00:00 AM;07/01/2020 00:00;800;17;Devonshire;1701;2;956;LETTERS, LEWD  -  TELEPHONE CALLS, LEWD;0913 1817 1906 1912;46;F;W;501;SINGLE FAMILY DWELLING;511;VERBAL THREAT;IC;Invest Cont;956;;;;19500    SHADOW GLEN CIR;;34.293;-1.185.599
222012456;07/19/2022 12:00:00 AM;01/01/2020 00:00;1230;20;Olympic;2079;2;354;THEFT OF IDENTITY;100;11;M;H;501;SINGLE FAMILY DWELLING;;;IC;Invest Cont;354;;;;1300    MAGNOLIA                     AV;;340.473;-1.182.865
220614618;08/13/2022 12:00:00 AM;12/15/2020 12:00:00 AM;2200;6;Hollywood;666;1;330;BURGLARY FROM VEHICLE;1822 1300 0344 0352 1601;28;F;H;101;STREET;;;IC;Invest Cont;330;;;;LEXINGTON;EL CENTRO;340.926;-1.183.245
220515613;11/03/2022 00:00;09/01/2020 00:00;1200;5;Harbor;567;2;626;INTIMATE PARTNER - SIMPLE ASSAULT;0913 1814 0416;18;F;H;501;SINGLE FAMILY DWELLING;400;STRONG-ARM (HANDS, FIST, FEET OR BODILY FORCE);AO;Adult Other;626;;;;400 W  20TH                         ST;;337.261;-1.182.858
221411398;05/24/2022 12:00:00 AM;03/30/2020 12:00:00 AM;1640;14;Pacific;1428;2;354;THEFT OF IDENTITY;1822;50;F;H;501;SINGLE FAMILY DWELLING;;;IC;Invest Cont;354;;;;10900    ROSE                         AV;;340.242;-1.184.183
230304640;01/14/2023 12:00:00 AM;03/14/2020 12:00:00 AM;730;3;Southwest;362;2;354;THEFT OF IDENTITY;1822 0100 0930;29;F;B;502;MULTI-UNIT DWELLING (APARTMENT, DUPLEX, ETC);;;IC;Invest Cont;354;;;;4500    COLISEUM                     ST;;340.175;-118.346
222108906;05/03/2022 00:00;12/31/2020 12:00:00 AM;1220;21;Topanga;2133;1;352;PICKPOCKET;344;19;M;H;701;HOSPITAL;;;IC;Invest Cont;352;;;;7300    MEDICAL CENTER               DR;;342.035;-1.186.294
221608687;05/24/2022 12:00:00 AM;03/30/2020 12:00:00 AM;1200;16;Foothill;1605;1;815;SEXUAL PENETRATION W/FOREIGN OBJECT;1258 0913 0515;6;F;H;501;SINGLE FAMILY DWELLING;400;STRONG-ARM (HANDS, FIST, FEET OR BODILY FORCE);AO;Adult Other;812;815;;;11800    KATHYANN                     ST;;342.838;-1.183.933
230218441;10/02/2023 00:00;01/01/2020 00:00;1000;2;Rampart;235;2;812;CRM AGNST CHLD (13 OR UNDER) (14-15 & SUSP 10 YRS OLDER);0522 1259 0602 0913 0554;17;F;H;502;MULTI-UNIT DWELLING (APARTMENT, DUPLEX, ETC);400;STRONG-ARM (HANDS, FIST, FEET OR BODILY FORCE);IC;Invest Cont;812;860;;;200 S  LAKE                         ST;;340.663;-1.182.719
221210385;04/21/2020 12:00:00 AM;04/21/2020 12:00:00 AM;845;12;77th Street;1243;1;330;BURGLARY FROM VEHICLE;1822 1606 0344;52;F;B;122;VEHICLE, PASSENGER/TRUCK;;;IC;Invest Cont;330;;;;6400    HAAS                         AV;;339.818;-1.183.168
231712864;07/16/2023 12:00:00 AM;01/16/2020 12:00:00 AM;1605;17;Devonshire;1787;2;354;THEFT OF IDENTITY;0927 0928 0929 1822;31;F;B;502;MULTI-UNIT DWELLING (APARTMENT, DUPLEX, ETC);;;IC;Invest Cont;354;;;;9700    ZELZAH                       AV;;342.468;-1.185.233
212015778;10/16/2021 12:00:00 AM;05/15/2020 12:00:00 AM;1310;20;Olympic;2022;2;354;THEFT OF IDENTITY;1822 0100;89;F;K;501;SINGLE FAMILY DWELLING;;;IC;Invest Cont;354;;;;600 S  MANHATTAN                    PL;;340.625;-1.183.104
231214436;06/23/2023 12:00:00 AM;11/20/2020 12:00:00 AM;1200;12;77th Street;1211;2;354;THEFT OF IDENTITY;0377 1822;27;F;B;502;MULTI-UNIT DWELLING (APARTMENT, DUPLEX, ETC);;;IC;Invest Cont;354;;;;5300    3RD                          AV;;33.995;-1.183.204
231308748;04/04/2023 00:00;08/14/2020 12:00:00 AM;1210;13;Newton;1365;2;354;THEFT OF IDENTITY;930;32;M;O;501;SINGLE FAMILY DWELLING;;;IC;Invest Cont;354;;;;1300 E  48TH                         ST;;340.002;-1.182.521
220517340;12/23/2022 12:00:00 AM;07/29/2020 12:00:00 AM;2200;5;Harbor;564;2;354;THEFT OF IDENTITY;1822 0935;25;F;H;502;MULTI-UNIT DWELLING (APARTMENT, DUPLEX, ETC);;;IC;Invest Cont;354;;;;100 S  ARBOLES                      CT;;337.431;-1.182.821
201605651;02/09/2020 00:00;01/30/2020 12:00:00 AM;44;16;Foothill;1601;1;648;ARSON;;55;M;B;101;STREET;;;IC;Invest Cont;648;;;;12900    DESMOND                      ST;;342.862;-1.184.133
230704658;01/16/2023 12:00:00 AM;05/11/2020 00:00;750;7;Wilshire;774;2;354;THEFT OF IDENTITY;0100 1822;32;F;B;502;MULTI-UNIT DWELLING (APARTMENT, DUPLEX, ETC);;;IC;Invest Cont;354;;;;1800 S  LA BREA                      AV;;340.424;-1.183.467
220321001;11/29/2022 12:00:00 AM;02/18/2020 12:00:00 AM;2120;3;Southwest;326;2;354;THEFT OF IDENTITY;0100 1822;44;F;H;501;SINGLE FAMILY DWELLING;;;IC;Invest Cont;354;;;;2700    BRIGHTON                     AV;;340.309;-1.183.015
231717780;11/17/2023 12:00:00 AM;02/21/2020 12:00:00 AM;1100;17;Devonshire;1701;1;341;THEFT-GRAND ($950.01 & OVER)EXCPT,GUNS,FOWL,LIVESTK,PROD;344;44;M;A;501;SINGLE FAMILY DWELLING;;;IC;Invest Cont;341;;;;20400    ALBION                       WY;;34.288;-1.185.797
230809796;05/17/2023 12:00:00 AM;09/26/2020 12:00:00 AM;800;8;West LA;882;2;354;THEFT OF IDENTITY;1202 0100 0928 1822;70;M;W;501;SINGLE FAMILY DWELLING;;;IC;Invest Cont;354;;;;11500    MISSOURI                     AV;;340.408;-1.184.479
221108981;05/10/2022 00:00;12/02/2020 00:00;1200;11;Northeast;1123;2;354;THEFT OF IDENTITY;0928 1822;37;M;W;501;SINGLE FAMILY DWELLING;;;IC;Invest Cont;354;;;;3900    GLENFELIZ                    BL;;341.212;-1.182.672
231204979;01/18/2023 12:00:00 AM;05/01/2020 00:00;1200;12;77th Street;1205;2;626;INTIMATE PARTNER - SIMPLE ASSAULT;0400 0416 0417 1813 2000 0419 0429;21;F;B;501;SINGLE FAMILY DWELLING;400;STRONG-ARM (HANDS, FIST, FEET OR BODILY FORCE);IC;Invest Cont;626;;;;1000 W  50TH                         ST;;339.978;-1.182.915
201215394;06/26/2020 12:00:00 AM;06/25/2020 12:00:00 AM;2200;12;77th Street;1259;1;510;VEHICLE - STOLEN;;0;;;101;STREET;;;IC;Invest Cont;510;;;;FLORENCE;WADSWORTH;339.747;-1.182.587
210205090;12/20/2020 12:00:00 AM;12/04/2020 00:00;1455;2;Rampart;205;2;354;THEFT OF IDENTITY;0100 1822;35;F;H;502;MULTI-UNIT DWELLING (APARTMENT, DUPLEX, ETC);;;IC;Invest Cont;354;;;;900 N  VENDOME                      ST;;340.823;-1.182.755
221507368;03/23/2022 12:00:00 AM;02/01/2020 00:00;1;15;N Hollywood;1504;2;860;BATTERY WITH SEXUAL CONTACT;0522 1259;15;F;H;502;MULTI-UNIT DWELLING (APARTMENT, DUPLEX, ETC);400;STRONG-ARM (HANDS, FIST, FEET OR BODILY FORCE);IC;Invest Cont;860;;;;11700    RUNNYMEDE                    ST;;342.057;-1.183.878
240904504;01/13/2024 12:00:00 AM;01/13/2020 12:00:00 AM;1150;9;Van Nuys;955;2;354;THEFT OF IDENTITY;1822 0930;33;F;W;501;SINGLE FAMILY DWELLING;;;IC;Invest Cont;354;;;;14200    CHANDLER                     BL;;341.684;-1.184.423
221409128;04/12/2022 00:00;04/20/2020 12:00:00 AM;950;14;Pacific;1444;2;886;DISTURBING THE PEACE;1501;18;F;B;501;SINGLE FAMILY DWELLING;;;AO;Adult Other;886;;;;13600    MARINA POINT                 DR;;339.876;-1.184.489
221205529;01/28/2022 12:00:00 AM;01/01/2020 00:00;5;12;77th Street;1259;1;121;RAPE, FORCIBLE;1251 1258 0913 0556 0500 0526;8;F;H;501;SINGLE FAMILY DWELLING;400;STRONG-ARM (HANDS, FIST, FEET OR BODILY FORCE);IC;Invest Cont;121;812;;;800 E  77TH                         ST;;339.694;-1.182.608
221516877;11/02/2022 00:00;09/07/2020 00:00;2100;15;N Hollywood;1591;1;820;ORAL COPULATION;0512 1259 0500 1820 0448 0531 0507;14;F;H;101;STREET;400;STRONG-ARM (HANDS, FIST, FEET OR BODILY FORCE);AA;Adult Arrest;812;820;;;8500    MULHOLLAND                   DR;;341.325;-1.183.974
230714857;09/20/2023 12:00:00 AM;07/20/2020 12:00:00 AM;1435;7;Wilshire;758;2;354;THEFT OF IDENTITY;1822;33;F;J;502;MULTI-UNIT DWELLING (APARTMENT, DUPLEX, ETC);;;IC;Invest Cont;354;;;;1100 S  MUIRFIELD                    RD;;340.537;-1.183.327
211409233;04/06/2021 00:00;08/19/2020 12:00:00 AM;1730;14;Pacific;1496;1;510;VEHICLE - STOLEN;;0;;;707;GARAGE/CARPORT;;;IC;Invest Cont;510;;;;5900 W  CENTURY                      BL;;339.456;-1.183.932
231412171;06/09/2023 00:00;06/01/2020 00:00;1200;14;Pacific;1435;2;930;CRIMINAL THREATS - NO WEAPON DISPLAYED;443;-2;M;W;501;SINGLE FAMILY DWELLING;511;VERBAL THREAT;IC;Invest Cont;930;;;;3500    GRAND VIEW                   BL;;340.118;-1.184.365
220517192;12/19/2022 12:00:00 AM;07/01/2020 00:00;2200;5;Harbor;503;1;330;BURGLARY FROM VEHICLE;344;53;M;H;108;PARKING LOT;;;IC;Invest Cont;330;;;;25400    PINE CREEK                   LN;;337.911;-1.182.849
221207508;02/28/2022 12:00:00 AM;07/01/2020 00:00;1100;12;77th Street;1235;2;354;THEFT OF IDENTITY;0100 0928;32;F;H;501;SINGLE FAMILY DWELLING;;;IC;Invest Cont;354;;;;1400 W  60TH                         ST;;339.859;-1.183.002
222106975;03/14/2022 12:00:00 AM;08/07/2020 00:00;1600;21;Topanga;2104;2;354;THEFT OF IDENTITY;1822 0929;35;M;H;502;MULTI-UNIT DWELLING (APARTMENT, DUPLEX, ETC);;;IC;Invest Cont;354;;;;8800    TOPANGA CANYON               BL;;342.299;-1.186.033
221209243;03/16/2022 12:00:00 AM;06/26/2020 12:00:00 AM;1130;12;77th Street;1243;2;354;THEFT OF IDENTITY;0100 0928;36;M;B;501;SINGLE FAMILY DWELLING;;;IC;Invest Cont;354;;;;1800 W  70TH                         ST;;339.762;-118.309
220206809;03/03/2022 00:00;02/02/2020 00:00;1200;2;Rampart;231;2;354;THEFT OF IDENTITY;1822 0100;54;F;F;725;GOVERNMENT FACILITY (FEDERAL,STATE, COUNTY & CITY);;;IC;Invest Cont;354;;;;2800    COUNCIL                      ST;;340.721;-1.182.785
200406391;03/02/2020 00:00;03/01/2020 00:00;1430;4;Hollenbeck;407;1;310;BURGLARY;0344 1607;27;M;W;221;PUBLIC STORAGE;;;IC;Invest Cont;310;;;;4500    HUNTINGTON DR;;340.881;-1.181.877
